timestamp_iso,temp_C,rh_pct,dewpoint_C,apparent_temp_C,precip_mm,rain_mm,snowfall_cm,snow_depth_m,weather_code,mslp_hPa,surface_pressure_hPa,cloud_cover_pct,wind_speed_10m,wind_dir_10m,peak_snow,peak_rain,peak_sleet,peak_fzra,onset_window_h,peak_window_h,end_window_h,warm_nose_risk_label,precip_3h_sum,rain_3h_sum,snow_3h_sum,wind_3h_mean,wind_3h_std,cloud_3h_mean,precip_6h_sum,rain_6h_sum,snow_6h_sum,wind_6h_mean,wind_6h_std,cloud_6h_mean,precip_12h_sum,rain_12h_sum,snow_12h_sum,wind_12h_mean,wind_12h_std,cloud_12h_mean,mslp_drop_3h,mslp_drop_6h,mslp_trend_3h,mslp_trend_6h,temp_trend_3h,temp_trend_6h,temp_trend_12h,dewpoint_depression_C,snow_fraction_3h,rain_fraction_3h,snow_fraction_6h,rain_fraction_6h,phase_mix_score_3h,phase_mix_score_6h,phase_prob_entropy,phase_dominance,phase_transition_score,storm_intensity_score,storm_transition_score,p_mix,ci_confidence,stability,reliability,drop_event,phase_bifurcation_spike,timing_window_rewidening,band_placement_volatility,accumulation_regime_flip,post_storm_hazard_amplification
2026-01-22 00:00:00,1.6,61,-5.2,-3.9,0.0,0.0,0.0,0.03,3,1021.2,1019.3,100,18.7,201,0.0,0.0,0.0,0.0,7.33,6.52,9.0,elevated,0.0,0.0,0.0,18.7,0.0,100.0,0.0,0.0,0.0,18.7,0.0,100.0,0.0,0.0,0.0,18.7,0.0,100.0,,,,,,,,6.800000000000001,0.0,0.0,0.0,0.0,1.0,1.0,-0.0,0.0,1.0,-0.06811948095716312,-0.09796473316455438,1.0,0.21966263652655157,0.8700000000000001,0.35205183585313227,0.0,1.0,0.0,0.0,0.0,1.0
2026-01-22 01:00:00,2.3,60,-4.6,-3.4,0.0,0.0,0.0,0.03,3,1020.2,1018.3,88,20.6,205,0.0,0.0,0.0,0.0,7.63,7.26,8.78,elevated,0.0,0.0,0.0,19.65,1.343502884254443,94.0,0.0,0.0,0.0,19.65,1.343502884254443,94.0,0.0,0.0,0.0,19.65,1.343502884254443,94.0,,,,,,,,6.8999999999999995,0.0,0.0,0.0,0.0,1.0,1.0,-0.0,0.0,1.0,-0.026361490943508536,0.12552631955142196,1.0,0.25895244838481357,0.685,0.3347732181425487,0.0,1.0,0.0,0.0,0.0,1.0
2026-01-22 02:00:00,3.2,58,-4.2,-2.7,0.0,0.0,0.0,0.03,3,1018.9,1017.0,96,22.0,211,0.0,0.0,0.0,0.0,7.7,7.43,8.8,elevated,0.0,0.0,0.0,20.433333333333334,1.6563010998406473,94.66666666666667,0.0,0.0,0.0,20.433333333333334,1.6563010998406473,94.66666666666667,0.0,0.0,0.0,20.433333333333334,1.6563010998406473,94.66666666666667,,,,,,,,7.4,0.0,0.0,0.0,0.0,1.0,1.0,-0.0,0.0,1.0,0.008070535909855875,0.1775601508950993,1.0,0.27040830501913177,0.6425000000000001,0.3153347732181426,0.0,1.0,0.0,0.0,0.0,1.0
2026-01-22 03:00:00,3.3,58,-4.1,-2.4,0.0,0.0,0.0,0.03,3,1018.1,1016.2,88,21.4,212,0.0,0.0,0.0,0.0,7.79,6.9,8.74,elevated,0.0,0.0,0.0,21.333333333333332,0.7023769168568509,90.66666666666667,0.0,0.0,0.0,20.675,1.436140661634508,93.0,0.0,0.0,0.0,20.675,1.436140661634508,93.0,3.1000000000000227,,-3.1000000000000227,,1.6999999999999997,,,7.3999999999999995,0.0,0.0,0.0,0.0,1.0,1.0,-0.0,0.0,1.0,0.04763073697542333,0.24363996849936892,1.0,0.28456734276326506,0.7749999999999999,0.3088552915766738,0.0,1.0,0.0,0.0,0.0,1.0
2026-01-22 04:00:00,3.1,59,-4.2,-2.6,0.0,0.0,0.0,0.03,1,1017.6,1015.7,27,20.4,215,0.0,0.0,0.0,0.0,7.55,6.96,8.26,elevated,0.0,0.0,0.0,21.266666666666666,0.8082903768654777,70.33333333333333,0.0,0.0,0.0,20.619999999999997,1.2497999839974403,79.8,0.0,0.0,0.0,20.619999999999997,1.2497999839974403,79.8,2.6000000000000227,,-2.6000000000000227,,0.8000000000000003,,,7.300000000000001,0.0,0.0,0.0,0.0,1.0,1.0,-0.0,0.0,1.0,0.044700351711307235,0.070095300587672,1.0,0.2568134652628727,0.76,0.46436285097192265,0.0,1.0,0.0,0.0,0.0,1.0
2026-01-22 05:00:00,2.8,60,-4.2,-2.8,0.0,0.0,0.0,0.03,3,1016.9,1015.0,88,20.1,219,0.0,0.0,0.0,0.0,7.36,6.89,8.31,elevated,0.0,0.0,0.0,20.633333333333336,0.6806859285553989,67.66666666666667,0.0,0.0,0.0,20.533333333333335,1.1378341999899055,81.16666666666667,0.0,0.0,0.0,20.533333333333335,1.1378341999899055,81.16666666666667,2.0,,-2.0,,-0.40000000000000036,,,7.0,0.0,0.0,0.0,0.0,1.0,1.0,-0.0,0.0,1.0,0.016861691702204334,-0.0754577874696896,1.0,0.23116511813830662,0.7775000000000001,0.49460043196544246,0.0,1.0,0.0,0.0,0.0,1.0
2026-01-22 06:00:00,2.7,62,-4.0,-2.9,0.0,0.0,0.0,0.03,3,1016.6,1014.7,100,19.7,224,0.0,0.0,0.0,0.0,7.25,6.71,8.31,elevated,0.0,0.0,0.0,20.066666666666666,0.3511884584284054,71.66666666666667,0.0,0.0,0.0,20.7,0.8532291603080622,81.16666666666667,0.0,0.0,0.0,20.414285714285715,1.085400957294234,83.85714285714286,1.5,4.600000000000023,-1.5,-4.600000000000023,-0.5999999999999996,1.1,,6.7,0.0,0.0,0.0,0.0,1.0,1.0,-0.0,0.0,1.0,0.17384401702558588,-0.151466943239701,1.0,0.2337940054659604,0.8225,0.5183585313174945,0.0,1.0,0.0,0.0,0.0,1.0
2026-01-22 07:00:00,2.8,64,-3.3,-2.4,0.0,0.0,0.0,0.03,3,1017.2,1015.3,100,18.4,230,0.0,0.0,0.0,0.0,7.16,7.01,8.38,elevated,0.0,0.0,0.0,19.4,0.8888194417315481,96.0,0.0,0.0,0.0,20.333333333333332,1.273839340995037,83.16666666666667,0.0,0.0,0.0,20.1625,1.2316510405607135,85.875,0.39999999999997726,3.0,-0.39999999999997726,-3.0,-0.30000000000000027,0.5,,6.1,0.0,0.0,0.0,0.0,1.0,1.0,-0.0,0.0,1.0,0.03583490405522863,-0.22300729794039795,1.0,0.20957361853570666,0.7475,0.5226781857451404,0.0,1.0,0.0,0.0,0.0,1.0
2026-01-22 08:00:00,2.9,61,-3.8,-2.2,0.0,0.0,0.0,0.03,3,1017.6,1015.7,100,17.1,240,0.0,0.0,0.0,0.0,7.15,7.23,8.41,elevated,0.0,0.0,0.0,18.4,1.2999999999999845,100.0,0.0,0.0,0.0,19.516666666666666,1.5354695264532847,83.83333333333333,0.0,0.0,0.0,19.822222222222223,1.5392999852025095,87.44444444444444,0.0,1.2999999999999545,0.7000000000000455,-1.2999999999999545,0.10000000000000009,-0.30000000000000027,,6.699999999999999,0.0,0.0,0.0,0.0,1.0,1.0,-0.0,0.0,1.0,-0.12362021400628534,-0.2271907474678289,1.0,0.1940155413943347,0.6924999999999999,0.5183585313174945,0.0,1.0,0.0,0.0,0.0,1.0
2026-01-22 09:00:00,2.8,64,-3.5,-2.0,0.0,0.0,0.0,0.03,3,1018.1,1016.2,94,14.4,247,0.0,0.0,0.0,0.0,7.32,7.64,8.44,elevated,0.0,0.0,0.0,16.633333333333333,2.040424792373703,98.0,0.0,0.0,0.0,18.349999999999998,2.2915060549778214,84.83333333333333,0.0,0.0,0.0,19.28,2.246379803644572,88.1,0.0,-0.0,1.5,0.0,0.09999999999999964,-0.5,,6.3,0.0,0.0,0.0,0.0,1.0,1.0,-0.0,0.0,1.0,-0.28959844752282976,-0.10402144262748969,1.0,0.1980139219993797,0.5900000000000001,0.47516198704103685,0.0,1.0,0.0,0.0,0.0,1.0
2026-01-22 10:00:00,3.0,64,-3.0,-1.3,0.0,0.0,0.0,0.03,1,1018.3,1016.4,42,12.6,241,0.0,0.0,0.0,0.0,7.39,7.76,8.53,elevated,0.0,0.0,0.0,14.700000000000001,2.2649503305812067,78.66666666666667,0.0,0.0,0.0,17.05,2.9991665508937704,87.33333333333333,0.0,0.0,0.0,18.672727272727272,2.9322656459096303,83.9090909090909,0.0,0.0,1.099999999999909,0.6999999999999318,0.20000000000000018,-0.10000000000000009,,6.0,0.0,0.0,0.0,0.0,1.0,1.0,-0.0,0.0,1.0,-0.374579620182197,-0.05122028204558911,1.0,0.19843619033705961,0.56,0.4406047516198709,0.0,1.0,0.0,0.0,0.0,1.0
2026-01-22 11:00:00,4.3,63,-2.2,-0.0,0.0,0.0,0.0,0.03,3,1018.3,1016.4,100,13.0,244,0.0,0.0,0.0,0.0,7.34,7.04,8.61,elevated,0.0,0.0,0.0,13.333333333333334,0.9451631252504658,78.66666666666667,0.0,0.0,0.0,15.866666666666665,2.955446948714646,89.33333333333333,0.0,0.0,0.0,18.2,3.2400897855124047,85.25,0.0,0.0,0.6999999999999318,1.3999999999999773,1.4,1.5,,6.5,0.0,0.0,0.0,0.0,1.0,1.0,-0.0,0.0,1.0,-0.43465251809657734,-0.0853488877672644,1.0,0.18742029240315175,0.74,0.43412526997840195,0.0,1.0,0.0,0.0,0.0,1.0
2026-01-22 12:00:00,5.6,61,-1.4,1.3,0.0,0.0,0.0,0.03,2,1018.0,1016.1,55,12.9,252,0.0,0.0,0.0,0.0,7.48,6.63,8.33,elevated,0.0,0.0,0.0,12.833333333333334,0.2081665999463417,65.66666666666667,0.0,0.0,0.0,14.733333333333334,2.4524817362554865,81.83333333333333,0.0,0.0,0.0,17.71666666666667,3.574107220585642,81.5,0.10000000000002274,0.0,-0.10000000000002274,1.3999999999999773,2.8,2.8999999999999995,3.9999999999999996,7.0,0.0,0.0,0.0,0.0,1.0,1.0,-0.0,0.0,1.0,-0.4566304075774482,0.018792406642329663,1.0,0.201857582760652,0.8425,0.4643628509719222,0.0,1.0,0.0,0.0,0.0,1.0
2026-01-22 13:00:00,6.3,55,-2.2,1.5,0.0,0.0,0.0,0.02,1,1017.3,1015.4,30,15.9,254,0.0,0.0,0.0,0.0,8.05,7.45,7.9,elevated,0.0,0.0,0.0,13.933333333333332,1.7039170558842462,61.666666666666664,0.0,0.0,0.0,14.316666666666668,1.841104740819145,70.16666666666667,0.0,0.0,0.0,17.325,3.4858480121250786,76.66666666666667,1.0,0.0,-1.0,0.09999999999990905,3.3,3.5,4.0,8.5,0.0,0.0,0.0,0.0,1.0,1.0,-0.0,0.0,1.0,-0.4082790507195324,0.43864754775916515,1.0,0.2728568206141585,0.6375,0.4341252699784016,1.0,1.0,0.0,0.0,0.0,0.0
2026-01-22 14:00:00,8.1,41,-4.2,2.9,0.0,0.0,0.0,0.02,0,1016.6,1014.8,10,17.7,255,0.0,0.0,0.0,0.0,8.42,7.85,7.35,elevated,0.0,0.0,0.0,15.5,2.4248711305964132,31.666666666666668,0.0,0.0,0.0,14.416666666666666,2.02920345620313,55.166666666666664,0.0,0.0,0.0,16.966666666666665,3.168117689886172,69.5,1.6999999999999318,1.0,-1.6999999999999318,-1.0,3.8,5.199999999999999,4.8999999999999995,12.3,0.0,0.0,0.0,0.0,1.0,1.0,-0.0,0.0,1.0,-0.2714742093070571,0.7087755652761478,1.0,0.3284103045870202,0.5375000000000001,0.47300215982721405,1.0,1.0,0.0,0.0,0.0,0.0
2026-01-22 15:00:00,8.9,40,-4.1,3.7,0.0,0.0,0.0,0.02,2,1016.4,1014.6,71,17.5,261,0.0,0.0,0.0,0.0,7.98,7.06,7.21,elevated,0.0,0.0,0.0,17.033333333333335,0.9865765724632275,37.0,0.0,0.0,0.0,14.933333333333332,2.3871880249923176,51.333333333333336,0.0,0.0,0.0,16.64166666666667,2.8567172302020603,68.08333333333333,1.6000000000000227,1.7000000000000455,-1.6000000000000227,-1.7000000000000455,3.3000000000000007,6.1000000000000005,5.6000000000000005,13.0,0.0,0.0,0.0,0.0,1.0,1.0,-0.0,0.0,1.0,-0.15651679683836073,0.38183867141845196,1.0,0.28737995126278637,0.7350000000000001,0.5982721382289415,1.0,1.0,0.0,0.0,0.0,0.0
2026-01-22 16:00:00,8.4,42,-3.9,3.4,0.0,0.0,0.0,0.02,3,1016.6,1014.8,100,15.8,253,0.0,0.0,0.0,0.0,7.61,7.09,7.57,elevated,0.0,0.0,0.0,17.0,1.044030650891033,60.333333333333336,0.0,0.0,0.0,15.466666666666669,2.102062479249063,61.0,0.0,0.0,0.0,16.258333333333333,2.6040033282108785,74.16666666666667,0.6999999999999318,1.6999999999999318,-0.6999999999999318,-1.6999999999999318,2.1000000000000005,5.4,5.300000000000001,12.3,0.0,0.0,0.0,0.0,1.0,1.0,-0.0,0.0,1.0,-0.15798198947042658,0.11219822679894009,1.0,0.2445465481795782,0.7275,0.6004319654427648,0.0,1.0,0.0,0.0,0.0,0.0
2026-01-22 17:00:00,7.1,46,-3.7,2.4,0.0,0.0,0.0,0.01,3,1016.7,1014.8,91,14.1,238,0.0,0.0,0.0,0.0,7.43,7.45,7.51,elevated,0.0,0.0,0.0,15.799999999999999,1.6999999999999804,87.33333333333333,0.0,0.0,0.0,15.65,1.8801595676963299,59.5,0.0,0.0,0.0,15.758333333333335,2.3643020624328526,74.41666666666667,0.0,1.599999999999909,0.10000000000002274,-1.599999999999909,-1.0,2.8,4.3,10.8,0.0,0.0,0.0,0.0,1.0,1.0,-0.0,0.0,1.0,-0.21752300299509286,-0.021587925124041417,1.0,0.21779994628409408,0.6375,0.6522678185745142,0.0,1.0,0.0,0.0,0.0,0.0
2026-01-22 18:00:00,5.2,52,-4.0,0.5,0.0,0.0,0.0,0.01,3,1017.7,1015.8,86,13.8,244,0.0,0.0,0.0,0.0,7.85,7.11,7.7,elevated,0.0,0.0,0.0,14.566666666666668,1.0785793124908536,92.33333333333333,0.0,0.0,0.0,15.799999999999999,1.6370705543745048,64.66666666666667,0.0,0.0,0.0,15.266666666666666,2.0645639351747476,73.25,0.0,0.2999999999999545,1.3000000000000682,-0.2999999999999545,-3.7,-0.39999999999999947,2.5,9.2,0.0,0.0,0.0,0.0,1.0,1.0,-0.0,0.0,1.0,-0.36005815439870836,0.2922280945811157,1.0,0.2541764600794806,0.7224999999999999,0.5205183585313174,0.0,1.0,0.0,0.0,0.0,0.0
2026-01-22 19:00:00,3.0,61,-3.8,-1.2,0.0,0.0,0.0,0.01,3,1019.0,1017.1,87,11.1,263,0.0,0.0,0.0,0.0,8.34,7.43,8.05,elevated,0.0,0.0,0.0,13.0,1.6522711641857954,88.0,0.0,0.0,0.0,15.0,2.5155516293648303,74.16666666666667,0.0,0.0,0.0,14.658333333333333,2.1317761836012936,72.16666666666667,0.0,0.0,2.3999999999999773,1.7000000000000455,-5.4,-3.3,0.20000000000000018,6.8,0.0,0.0,0.0,0.0,1.0,1.0,-0.0,0.0,1.0,-0.4493044444171579,0.6503360423622674,1.0,0.3025444580416284,0.6425000000000001,0.3390928725701944,1.0,1.0,0.0,0.0,0.0,0.0
2026-01-22 20:00:00,4.0,42,-7.8,-1.6,0.0,0.0,0.0,0.02,2,1018.7,1016.8,58,17.3,257,0.0,0.0,0.0,0.0,8.19,8.23,8.34,elevated,0.0,0.0,0.0,14.066666666666668,3.108590248542454,77.0,0.0,0.0,0.0,14.933333333333335,2.433652947046214,82.16666666666667,0.0,0.0,0.0,14.674999999999999,2.153274462090448,68.66666666666667,0.0,0.0,2.0,2.1000000000000227,-3.0999999999999996,-4.1,1.1,11.8,0.0,0.0,0.0,0.0,1.0,1.0,-0.0,0.0,1.0,-0.4024182801913,0.5372107508534689,1.0,0.28901141517557594,0.4424999999999999,0.3088552915766738,1.0,1.0,0.0,0.0,0.0,1.0
2026-01-22 21:00:00,3.0,44,-8.1,-2.2,0.0,0.0,0.0,0.02,3,1019.1,1017.2,100,14.3,256,0.0,0.0,0.0,0.0,8.0,8.22,8.52,elevated,0.0,0.0,0.0,14.233333333333334,3.100537587795581,81.66666666666667,0.0,0.0,0.0,14.399999999999999,2.084226475218098,87.0,0.0,0.0,0.0,14.666666666666666,2.1546285625193597,69.16666666666667,0.0,0.0,1.3999999999999773,2.7000000000000455,-2.2,-5.9,0.20000000000000018,11.1,0.0,0.0,0.0,0.0,1.0,1.0,-0.0,0.0,1.0,-0.3950923170310098,0.39680817815969766,1.0,0.2674635674651452,0.44499999999999984,0.31101511879049704,1.0,1.0,0.0,0.0,0.0,1.0
2026-01-22 22:00:00,2.7,44,-8.4,-2.6,0.0,0.0,0.0,0.02,3,1019.3,1017.4,100,14.6,268,0.0,0.0,0.0,0.0,7.27,7.43,8.52,elevated,0.0,0.0,0.0,15.4,1.6522711641858068,86.0,0.0,0.0,0.0,14.200000000000001,1.977877650412193,87.0,0.0,0.0,0.0,14.833333333333334,2.0552961889329784,74.0,0.0,0.0,0.2999999999999545,2.699999999999932,-0.2999999999999998,-5.7,-0.2999999999999998,11.100000000000001,0.0,0.0,0.0,0.0,1.0,1.0,-0.0,0.0,1.0,-0.3438105749089778,-0.13768771773045704,1.0,0.18761872152166073,0.6425000000000001,0.46868250539956835,0.0,1.0,0.0,0.0,0.0,1.0
2026-01-22 23:00:00,2.1,44,-8.8,-3.4,0.0,0.0,0.0,0.02,3,1019.8,1017.9,97,16.1,277,0.0,0.0,0.0,0.0,7.45,7.05,8.56,elevated,0.0,0.0,0.0,15.0,0.9643650760992517,99.0,0.0,0.0,0.0,14.533333333333333,2.1210060505964434,88.0,0.0,0.0,0.0,15.091666666666667,1.9979345395288668,73.75,0.0,0.0,1.099999999999909,3.099999999999909,-1.9,-5.0,-2.1999999999999997,10.9,0.0,0.0,0.0,0.0,1.0,1.0,-0.0,0.0,1.0,-0.3613928864936745,-0.004897421181747757,1.0,0.20700308842854792,0.7375,0.4211663066954642,0.0,1.0,0.0,0.0,0.0,1.0
2026-01-23 00:00:00,1.8,39,-10.6,-4.2,0.0,0.0,0.0,0.02,3,1020.4,1018.5,95,18.7,288,0.0,0.0,0.0,0.0,7.56,7.66,8.61,elevated,0.0,0.0,0.0,16.46666666666667,2.0744477176668665,97.33333333333333,0.0,0.0,0.0,15.350000000000001,2.657630523605576,89.5,0.0,0.0,0.0,15.574999999999998,2.117513550455732,77.08333333333333,0.0,0.0,1.2999999999999545,2.699999999999932,-1.2,-3.4000000000000004,-3.8,12.4,0.0,0.0,0.0,0.0,1.0,1.0,-0.0,0.0,1.0,-0.2969244106831199,0.07160416352133983,1.0,0.2251392020365311,0.585,0.38660907127429855,0.0,1.0,0.0,0.0,0.0,1.0
2026-01-23 01:00:00,1.0,40,-11.2,-4.9,0.0,0.0,0.0,0.02,1,1021.0,1019.1,45,17.5,290,0.0,0.0,0.0,0.0,7.49,7.23,8.36,elevated,0.0,0.0,0.0,17.433333333333334,1.3012814197295246,79.0,0.0,0.0,0.0,16.416666666666668,1.7348390895603854,82.5,0.0,0.0,0.0,15.708333333333334,2.1890048936086064,78.33333333333333,0.0,0.0,1.7000000000000455,2.0,-1.7000000000000002,-2.0,-5.3,12.2,0.0,0.0,0.0,0.0,1.0,1.0,-0.0,0.0,1.0,-0.25443382435343637,0.0202455565034803,1.0,0.2209760600073961,0.6924999999999999,0.4557235421166309,0.0,1.0,0.0,0.0,0.0,1.0
2026-01-23 02:00:00,0.8,37,-12.1,-4.7,0.0,0.0,0.0,0.02,2,1020.4,1018.5,50,14.1,285,0.0,0.0,0.0,0.0,7.65,7.83,8.31,moderate,0.0,0.0,0.0,16.766666666666666,2.3860706890897583,63.333333333333336,0.0,0.0,0.0,15.883333333333333,1.8935856639367306,81.16666666666667,0.0,0.0,0.0,15.408333333333333,2.1373128129981493,81.66666666666667,0.0,0.0,0.6000000000000227,1.6999999999999318,-1.3,-3.2,-7.3,12.9,0.0,0.0,0.0,0.0,1.0,1.0,-0.0,0.0,1.0,-0.2837376769945975,0.13889393984519216,1.0,0.237026130818377,0.5425,0.4319654427645787,0.0,1.0,0.0,0.0,0.0,1.0
2026-01-23 03:00:00,-0.4,42,-11.6,-5.3,0.0,0.0,0.0,0.02,2,1020.8,1018.9,67,10.7,282,0.0,0.0,0.0,0.0,8.06,8.39,8.11,moderate,0.0,0.0,0.0,14.1,3.399999999999983,54.0,0.0,0.0,0.0,15.283333333333333,2.8329607598176705,75.66666666666667,0.0,0.0,0.0,14.841666666666667,2.415652869904695,81.33333333333333,0.0,0.0,0.39999999999997726,1.6999999999999318,-2.2,-3.4,-9.3,11.2,0.0,0.0,0.0,0.0,1.0,1.0,-0.0,0.0,1.0,-0.4009530875592421,0.4466236050834499,1.0,0.274804160185458,0.40249999999999986,0.3866090712742978,1.0,1.0,0.0,1.0,0.0,0.0
2026-01-23 04:00:00,-1.3,45,-11.6,-5.9,0.0,0.0,0.0,0.02,2,1020.9,1019.0,55,8.7,287,0.0,0.0,0.0,0.0,7.95,8.02,7.83,low,0.0,0.0,0.0,11.166666666666666,2.730079363925736,57.333333333333336,0.0,0.0,0.0,14.299999999999999,3.9293765408777066,68.16666666666667,0.0,0.0,0.0,14.25,2.966326163639277,77.58333333333333,0.10000000000002274,0.0,-0.10000000000002274,1.6000000000000227,-2.3,-4.0,-9.700000000000001,10.299999999999999,0.0,0.0,0.0,0.0,1.0,1.0,-0.0,0.0,1.0,-0.529890039180351,0.36105413951835696,1.0,0.24920980147827998,0.4950000000000001,0.4708423326133908,1.0,1.0,0.0,0.0,0.0,0.0
2026-01-23 05:00:00,-1.9,47,-11.6,-6.5,0.0,0.0,0.0,0.02,3,1020.9,1019.0,93,8.6,282,0.0,0.0,0.0,0.0,7.67,7.17,7.81,low,0.0,0.0,0.0,9.333333333333332,1.184623709594363,71.66666666666667,0.0,0.0,0.0,13.049999999999999,4.406245567373663,67.5,0.0,0.0,0.0,13.791666666666666,3.3867276599136575,77.75,0.0,0.0,0.5,1.1000000000000227,-2.7,-4.0,-9.0,9.7,0.0,0.0,0.0,0.0,1.0,1.0,-0.0,0.0,1.0,-0.6104756339435442,0.15535406580651806,1.0,0.20911000716274053,0.7075,0.5356371490280778,0.0,1.0,0.0,0.0,0.0,0.0
2026-01-23 06:00:00,-2.0,47,-11.8,-6.8,0.0,0.0,0.0,0.02,3,1021.4,1019.5,97,10.1,290,0.0,0.0,0.0,0.0,7.36,6.98,7.82,low,0.0,0.0,0.0,9.133333333333333,0.8386497083604723,81.66666666666667,0.0,0.0,0.0,11.616666666666665,3.507943367083729,67.83333333333333,0.0,0.0,0.0,13.483333333333334,3.5503734331970644,78.66666666666667,0.0,0.0,0.6000000000000227,1.0,-1.6,-3.8,-7.2,9.8,0.0,0.0,0.0,0.0,1.0,1.0,-0.0,0.0,1.0,-0.6192667897358926,-0.0721644504171296,1.0,0.1722620885057938,0.7549999999999999,0.6004319654427648,0.0,1.0,0.0,0.0,0.0,0.0
2026-01-23 07:00:00,-1.8,47,-11.6,-6.5,0.0,0.0,0.0,0.02,3,1022.0,1020.1,98,9.2,286,0.0,0.0,0.0,0.0,7.11,6.93,8.14,low,0.0,0.0,0.0,9.299999999999999,0.7549834435269261,96.0,0.0,0.0,0.0,10.233333333333333,2.0626843351969124,76.66666666666667,0.0,0.0,0.0,13.325000000000001,3.705309458306846,79.58333333333333,0.0,0.0,1.1000000000000227,1.0,-0.5,-2.8,-4.8,9.799999999999999,0.0,0.0,0.0,0.0,1.0,1.0,-0.0,0.0,1.0,-0.6119408265756022,-0.2560482020037143,1.0,0.1438291627946245,0.7675000000000001,0.5853131749460043,0.0,1.0,0.0,0.0,0.0,0.0
2026-01-23 08:00:00,-2.6,50,-11.5,-6.7,0.0,0.0,0.0,0.02,3,1022.1,1020.2,100,5.4,284,0.0,0.0,0.0,0.0,7.55,7.89,8.45,low,0.0,0.0,0.0,8.233333333333333,2.4946609656089707,98.33333333333333,0.0,0.0,0.0,8.783333333333333,1.8476110701840722,85.0,0.0,0.0,0.0,12.333333333333334,4.114571298409708,83.08333333333333,0.0,0.0,1.2000000000000455,1.7000000000000455,-0.7000000000000002,-3.4000000000000004,-6.6,8.9,0.0,0.0,0.0,0.0,1.0,1.0,-0.0,0.0,1.0,-0.6588269908014601,0.06424920198104585,1.0,0.19016711551583632,0.5275000000000001,0.4233261339092874,0.0,1.0,0.0,0.0,0.0,1.0
2026-01-23 09:00:00,-1.0,45,-11.4,-5.4,0.0,0.0,0.0,0.02,3,1022.7,1020.8,100,6.9,277,0.0,0.0,0.0,0.0,7.48,7.57,8.65,moderate,0.0,0.0,0.0,7.166666666666667,1.9139836293273405,99.33333333333333,0.0,0.0,0.0,8.15,1.7049926686059589,90.5,0.0,0.0,0.0,11.716666666666667,4.341309675313393,83.08333333333333,0.0,0.0,1.3000000000000682,1.900000000000091,1.0,-0.6,-4.0,10.4,0.0,0.0,0.0,0.0,1.0,1.0,-0.0,0.0,1.0,-0.7057131550273179,0.014008147755918077,1.0,0.1778317237691458,0.6074999999999999,0.3952483801295892,0.0,1.0,0.0,0.0,0.0,1.0
2026-01-23 10:00:00,0.5,43,-10.6,-3.9,0.0,0.0,0.0,0.02,3,1023.0,1021.1,100,7.5,233,0.0,0.0,0.0,0.0,7.56,7.11,8.93,moderate,0.0,0.0,0.0,6.6000000000000005,1.0816653826390643,100.0,0.0,0.0,0.0,7.95,1.6979399282660357,98.0,0.0,0.0,0.0,11.125,4.39609847685215,83.08333333333333,0.0,0.0,1.0,2.1000000000000227,2.3,1.8,-2.2,11.1,0.0,0.0,0.0,0.0,1.0,1.0,-0.0,0.0,1.0,-0.7306214297723048,0.07642121298383045,1.0,0.18538776440557428,0.7224999999999999,0.31749460043196587,0.0,1.0,0.0,0.0,0.0,1.0
2026-01-23 11:00:00,2.0,39,-10.6,-2.8,0.0,0.0,0.0,0.02,3,1023.0,1021.1,99,9.7,231,0.0,0.0,0.0,0.0,8.13,7.33,8.96,elevated,0.0,0.0,0.0,8.033333333333333,1.474222959166312,99.66666666666667,0.0,0.0,0.0,8.133333333333333,1.8359375443262596,99.0,0.0,0.0,0.0,10.591666666666667,4.117028569541898,83.25,0.0,0.0,0.8999999999999773,2.1000000000000227,4.6,3.9,-0.10000000000000009,12.6,0.0,0.0,0.0,0.0,1.0,1.0,-0.0,0.0,1.0,-0.6676181465938085,0.4971062396637569,1.0,0.2578871343942212,0.6675,0.18790496760259123,1.0,1.0,0.0,0.0,0.0,1.0
2026-01-23 12:00:00,3.2,34,-11.4,-2.8,0.0,0.0,0.0,0.02,3,1022.7,1020.8,99,17.7,249,0.0,0.0,0.0,0.0,8.93,9.47,8.98,elevated,0.0,0.0,0.0,11.633333333333333,5.36780526224016,99.33333333333333,0.0,0.0,0.0,9.4,4.3561450848198415,99.33333333333333,0.0,0.0,0.0,10.508333333333333,3.944491748186973,83.58333333333333,-0.0,0.0,0.0,1.3000000000000682,4.2,5.2,1.4000000000000001,14.600000000000001,0.0,0.0,0.0,0.0,1.0,1.0,-0.0,0.0,1.0,-0.5093773423315383,1.0829959808938159,1.0,0.36544273674394534,0.13249999999999984,0.010799136069114645,1.0,1.0,1.0,1.0,0.0,1.0
2026-01-23 13:00:00,3.4,30,-12.4,-3.2,0.0,0.0,0.0,0.02,3,1022.1,1020.2,100,21.9,264,0.0,0.0,0.0,0.0,8.97,9.92,8.99,elevated,0.0,0.0,0.0,16.433333333333334,6.197849089267442,99.33333333333333,0.0,0.0,0.0,11.516666666666666,6.696392063392548,99.66666666666667,0.0,0.0,0.0,10.875,4.771339625113873,88.16666666666667,0.8999999999999773,0.0,-0.8999999999999773,0.10000000000002274,2.9,5.2,2.4,15.8,0.0,0.0,0.0,0.0,1.0,1.0,-0.0,0.0,1.0,-0.29838960331517805,1.1139851144234432,1.0,0.3900593575464042,0.020000000000000018,0.0,1.0,1.0,1.0,1.0,0.0,1.0
2026-01-23 14:00:00,3.1,30,-12.9,-3.5,0.0,0.0,0.0,0.02,3,1021.1,1019.2,100,21.3,254,0.0,0.0,0.0,0.0,7.85,7.77,8.99,elevated,0.0,0.0,0.0,20.299999999999997,2.271563338320108,99.66666666666667,0.0,0.0,0.0,14.166666666666666,6.933589738848607,99.66666666666667,0.0,0.0,0.0,11.475,5.595310536511801,92.33333333333333,1.8999999999999773,1.0,-1.8999999999999773,-1.0,1.1,5.7,2.3,16.0,0.0,0.0,0.0,0.0,1.0,1.0,-0.0,0.0,1.0,-0.060486470290697036,0.2869239606157815,1.0,0.28132133037706997,0.5575000000000001,0.24190064794816435,0.0,1.0,0.0,0.0,0.0,1.0
2026-01-23 15:00:00,3.5,31,-12.3,-3.1,0.0,0.0,0.0,0.02,3,1020.6,1018.7,100,21.2,254,0.0,0.0,0.0,0.0,7.28,6.73,8.99,elevated,0.0,0.0,0.0,21.46666666666667,0.37859388972003527,100.0,0.0,0.0,0.0,16.55,6.371106654263451,99.66666666666667,0.0,0.0,0.0,12.35,6.246235229756763,95.08333333333333,2.1000000000000227,2.1000000000000227,-2.1000000000000227,-2.1000000000000227,0.2999999999999998,4.5,3.9,15.8,0.0,0.0,0.0,0.0,1.0,1.0,-0.0,0.0,1.0,0.06553013830765791,-0.13074203696526876,1.0,0.2269574760713166,0.8174999999999999,0.3650107991360694,0.0,1.0,0.0,0.0,0.0,1.0
2026-01-23 16:00:00,3.2,34,-11.4,-2.9,0.0,0.0,0.0,0.02,3,1020.6,1018.7,98,18.7,258,0.0,0.0,0.0,0.0,7.42,7.33,8.98,elevated,0.0,0.0,0.0,20.400000000000002,1.4730919862656235,99.33333333333333,0.0,0.0,0.0,18.416666666666668,4.577517522267575,99.33333333333333,0.0,0.0,0.0,13.183333333333335,6.38062882813475,98.66666666666667,1.5,2.3999999999999773,-1.5,-2.3999999999999773,-0.19999999999999973,2.7,4.5,14.600000000000001,0.0,0.0,0.0,0.0,1.0,1.0,-0.0,0.0,1.0,0.03902621039352102,-0.026644621014041657,1.0,0.24096501447294075,0.6675,0.3369330453563719,0.0,1.0,0.0,0.0,0.0,1.0
2026-01-23 17:00:00,2.6,37,-10.6,-3.1,0.0,0.0,0.0,0.02,3,1020.9,1019.0,95,16.3,265,0.0,0.0,0.0,0.0,7.52,7.86,8.95,elevated,0.0,0.0,0.0,18.733333333333334,2.450170062124934,97.66666666666667,0.0,0.0,0.0,19.516666666666666,2.280716261762231,98.66666666666667,0.0,0.0,0.0,13.825000000000001,6.263911789695869,98.83333333333333,0.20000000000004547,2.1000000000000227,-0.20000000000004547,-2.1000000000000227,-0.5,0.6000000000000001,4.5,13.2,0.0,0.0,0.0,0.0,1.0,1.0,-0.0,0.0,1.0,-0.05461565752110276,0.046785390864334975,1.0,0.24384473566308973,0.5349999999999999,0.32181425485961157,0.0,1.0,0.0,0.0,0.0,1.0
2026-01-23 18:00:00,1.2,41,-10.5,-4.1,0.0,0.0,0.0,0.02,3,1022.0,1020.1,98,13.7,280,0.0,0.0,0.0,0.0,7.88,7.89,8.94,elevated,0.0,0.0,0.0,16.233333333333334,2.5006665778014603,97.0,0.0,0.0,0.0,18.849999999999998,3.282529512433973,98.5,0.0,0.0,0.0,14.125,6.154543776016959,98.91666666666667,0.0,0.7000000000000455,1.3999999999999773,-0.7000000000000455,-2.3,-2.0,3.2,11.7,0.0,0.0,0.0,0.0,1.0,1.0,-0.0,0.0,1.0,-0.2596222077135007,0.3124713730756425,1.0,0.26676422034872016,0.5275000000000001,0.24622030237581005,1.0,1.0,0.0,0.0,0.0,1.0
2026-01-23 19:00:00,-0.4,38,-12.9,-7.3,0.0,0.0,0.0,0.02,2,1024.1,1022.2,53,23.6,305,0.0,0.0,0.0,0.0,8.75,9.34,8.66,moderate,0.0,0.0,0.0,17.866666666666667,5.132575701666105,82.0,0.0,0.0,0.0,19.133333333333333,3.6511185500701955,90.66666666666667,0.0,0.0,0.0,15.325000000000001,6.501066346097666,95.16666666666667,0.0,0.0,3.4999999999998863,1.9999999999998863,-3.6,-3.8,1.4,12.5,0.0,0.0,0.0,0.0,1.0,1.0,-0.0,0.0,1.0,-0.2353863201366816,0.9511569800048815,1.0,0.37016165526328926,0.16500000000000004,0.11879049676025932,1.0,1.0,1.0,1.0,0.0,1.0
2026-01-23 20:00:00,-0.9,30,-16.1,-8.2,0.0,0.0,0.0,0.02,0,1024.2,1022.3,14,25.5,300,0.0,0.0,0.0,0.0,9.0,10.0,8.13,moderate,0.0,0.0,0.0,20.933333333333334,6.335876682301619,55.0,0.0,0.0,0.0,19.833333333333332,4.462137006711772,76.33333333333333,0.0,0.0,0.0,17.0,6.297618597533518,88.0,0.0,0.0,3.300000000000068,3.1000000000000227,-3.5,-4.0,1.7000000000000002,15.200000000000001,0.0,0.0,0.0,0.0,1.0,1.0,-0.0,0.0,1.0,-0.1005885979873404,1.1358740678256236,1.0,0.4120031490658226,0.0,0.17926565874729983,1.0,1.0,1.0,1.0,0.0,1.0
2026-01-23 21:00:00,-2.8,36,-15.9,-10.7,0.0,0.0,0.0,0.02,1,1026.2,1024.3,24,29.1,321,0.0,0.0,0.0,0.0,8.31,8.05,7.67,low,0.0,0.0,0.0,26.066666666666666,2.7934447074057998,30.333333333333332,0.0,0.0,0.0,21.150000000000002,5.8848109570316725,63.666666666666664,0.0,0.0,0.0,18.849999999999998,6.3216079657573925,81.66666666666667,0.0,0.0,4.2000000000000455,5.600000000000023,-4.0,-6.3,-1.7999999999999998,13.100000000000001,0.0,0.0,0.0,0.0,1.0,1.0,-0.0,0.0,1.0,0.12505106734960034,0.6238494595307191,1.0,0.3520043483290636,0.4874999999999998,0.4276457883369331,1.0,1.0,0.0,0.0,0.0,0.0
2026-01-23 22:00:00,-5.0,37,-17.5,-12.8,0.0,0.0,0.0,0.02,3,1028.0,1026.0,91,27.7,321,0.0,0.0,0.0,0.0,8.21,7.52,7.62,low,0.0,0.0,0.0,27.433333333333334,1.8147543451755408,43.0,0.0,0.0,0.0,22.650000000000002,6.269848483017753,62.5,0.0,0.0,0.0,20.53333333333333,5.681602420145756,80.91666666666667,0.0,0.0,3.900000000000091,7.399999999999977,-4.6,-8.2,-5.5,12.5,0.0,0.0,0.0,0.0,1.0,1.0,-0.0,0.0,1.0,0.18512396526398064,0.5537534704467907,1.0,0.3465166812009264,0.6200000000000001,0.46004319654427617,1.0,1.0,0.0,0.0,0.0,0.0
2026-01-23 23:00:00,-6.8,37,-19.2,-14.9,0.0,0.0,0.0,0.02,2,1029.9,1027.9,79,29.9,323,0.0,0.0,0.0,0.0,8.32,7.13,7.52,low,0.0,0.0,0.0,28.900000000000002,1.1135528725660928,64.66666666666667,0.0,0.0,0.0,24.916666666666668,5.9660427979244925,59.833333333333336,0.0,0.0,0.0,22.21666666666667,5.147432428508476,79.25,0.0,0.0,5.7000000000000455,9.000000000000114,-5.8999999999999995,-9.4,-8.8,12.399999999999999,0.0,0.0,0.0,0.0,1.0,1.0,-0.0,0.0,1.0,0.2495924410745353,0.6379777474041528,1.0,0.3658756535238826,0.7175,0.4578833693304537,1.0,1.0,0.0,0.0,0.0,0.0
2026-01-24 00:00:00,-8.4,40,-19.6,-15.8,0.0,0.0,0.0,0.02,1,1031.2,1029.2,32,25.1,328,0.0,0.0,0.0,0.0,8.55,7.84,7.12,low,0.0,0.0,0.0,27.566666666666666,2.402776172125381,67.33333333333333,0.0,0.0,0.0,26.816666666666666,2.4709647238814867,48.833333333333336,0.0,0.0,0.0,22.833333333333332,4.998242115226542,73.66666666666667,0.0,0.0,5.0,9.200000000000045,-5.6000000000000005,-9.6,-11.600000000000001,11.200000000000001,0.0,0.0,0.0,0.0,1.0,1.0,-0.0,0.0,1.0,0.1909847357922129,0.8060850787221323,1.0,0.3870199132804405,0.54,0.49460043196544246,1.0,1.0,0.0,0.0,0.0,0.0
2026-01-24 01:00:00,-9.8,39,-21.1,-17.4,0.0,0.0,0.0,0.02,0,1032.4,1030.4,16,25.5,340,0.0,0.0,0.0,0.0,8.44,7.98,6.89,low,0.0,0.0,0.0,26.833333333333332,2.663331247391785,42.333333333333336,0.0,0.0,0.0,27.133333333333336,2.0646226451016947,42.666666666666664,0.0,0.0,0.0,23.133333333333336,5.0449494696691675,66.66666666666667,0.0,0.0,4.400000000000091,8.300000000000182,-4.800000000000001,-9.4,-13.200000000000001,11.3,0.0,0.0,0.0,0.0,1.0,1.0,-0.0,0.0,1.0,0.1587504978869356,0.7258167188196085,1.0,0.3712985357212102,0.5049999999999999,0.5680345572354216,1.0,1.0,0.0,0.0,0.0,0.0
2026-01-24 02:00:00,-10.0,33,-23.4,-17.0,0.0,0.0,0.0,0.02,0,1033.3,1031.3,0,20.9,331,0.0,0.0,0.0,0.0,8.08,7.92,6.81,low,0.0,0.0,0.0,23.833333333333332,2.5482019804822036,16.0,0.0,0.0,0.0,26.36666666666667,3.285523804002447,40.333333333333336,0.0,0.0,0.0,23.099999999999998,5.059464578211995,58.333333333333336,0.0,0.0,3.3999999999998636,9.099999999999909,-3.2,-9.1,-13.1,13.399999999999999,0.0,0.0,0.0,0.0,1.0,1.0,-0.0,0.0,1.0,0.02688316100171048,0.4594418807268522,1.0,0.3168005947702499,0.52,0.6630669546436285,1.0,1.0,0.0,0.0,0.0,0.0
2026-01-24 03:00:00,-10.8,33,-24.0,-17.9,0.0,0.0,0.0,0.02,0,1034.4,1032.4,0,21.5,330,0.0,0.0,0.0,0.0,7.9,7.89,6.66,low,0.0,0.0,0.0,22.63333333333333,2.500666577801486,5.333333333333333,0.0,0.0,0.0,25.099999999999998,3.4802298774649962,36.333333333333336,0.0,0.0,0.0,23.125,5.049954995299019,50.0,0.0,0.0,3.2000000000000455,8.200000000000045,-2.4000000000000004,-8.0,-14.3,13.2,0.0,0.0,0.0,0.0,1.0,1.0,-0.0,0.0,1.0,-0.025863773752379665,0.32792281935197487,1.0,0.29104765298040775,0.5275000000000001,0.7343412526997839,1.0,1.0,0.0,0.0,0.0,0.0
2026-01-24 04:00:00,-11.4,36,-23.5,-18.3,0.0,0.0,0.0,0.02,0,1035.3,1033.3,7,20.6,330,0.0,0.0,0.0,0.0,7.27,6.77,6.15,low,0.0,0.0,0.0,21.0,0.45825756949561025,2.3333333333333335,0.0,0.0,0.0,23.916666666666668,3.623488190496372,22.333333333333332,0.0,0.0,0.0,23.283333333333335,4.926889731285092,42.416666666666664,0.0,0.0,2.8999999999998636,7.2999999999999545,-1.5999999999999996,-6.4,-14.600000000000001,12.1,0.0,0.0,0.0,0.0,1.0,1.0,-0.0,0.0,1.0,-0.09765821272322431,-0.13544249809096645,1.0,0.2109687887938603,0.8075000000000001,0.980561555075594,0.0,1.0,0.0,0.0,0.0,0.0
2026-01-24 05:00:00,-11.8,38,-23.2,-18.7,0.0,0.0,0.0,0.02,2,1035.4,1033.4,55,20.6,330,0.0,0.0,0.0,0.0,7.33,6.8,6.0,low,0.0,0.0,0.0,20.900000000000002,0.5196152422706841,20.666666666666668,0.0,0.0,0.0,22.366666666666664,2.2992752481307392,18.333333333333332,0.0,0.0,0.0,23.641666666666666,4.511693560945695,39.083333333333336,0.0,0.0,2.1000000000001364,5.5,-1.8000000000000007,-5.000000000000001,-14.4,11.399999999999999,0.0,0.0,0.0,0.0,1.0,1.0,-0.0,0.0,1.0,-0.10205379061939837,-0.09433278645260859,1.0,0.2170677371642,0.8,1.0,0.0,1.0,0.0,0.0,0.0,0.0
2026-01-24 06:00:00,-12.1,41,-22.8,-18.9,0.0,0.0,0.0,0.02,3,1036.0,1034.0,91,19.7,335,0.0,0.0,0.0,0.0,7.23,6.8,6.36,low,0.0,0.0,0.0,20.3,0.519615242270678,51.0,0.0,0.0,0.0,21.46666666666667,2.059773450325708,28.166666666666668,0.0,0.0,0.0,24.14166666666667,3.5369371272930903,38.5,0.0,0.0,1.599999999999909,4.7999999999999545,-1.299999999999999,-3.6999999999999993,-13.299999999999999,10.700000000000001,0.0,0.0,0.0,0.0,1.0,1.0,-0.0,0.0,1.0,-0.12842725799644344,-0.17159001783424965,1.0,0.20237064943862954,0.8,0.9438444924406049,0.0,1.0,0.0,0.0,0.0,0.0
2026-01-24 07:00:00,-12.2,43,-22.4,-18.9,0.0,0.0,0.0,0.02,3,1036.8,1034.8,100,19.1,340,0.0,0.0,0.0,0.0,7.17,6.93,6.88,low,0.0,0.0,0.0,19.8,0.7549834435270809,82.0,0.0,0.0,0.0,20.400000000000002,0.8625543461139192,42.166666666666664,0.0,0.0,0.0,23.766666666666666,3.8263044913605766,42.416666666666664,0.0,0.0,1.5,4.399999999999864,-0.7999999999999989,-2.3999999999999986,-11.799999999999999,10.2,0.0,0.0,0.0,0.0,1.0,1.0,-0.0,0.0,1.0,-0.15040514747731432,-0.20969386317470481,1.0,0.19428396718675484,0.7675000000000001,0.8444924406047515,0.0,1.0,0.0,0.0,0.0,0.0
2026-01-24 08:00:00,-12.1,43,-22.3,-18.2,0.0,0.0,0.0,0.02,3,1037.6,1035.6,100,14.9,333,0.0,0.0,0.0,0.0,7.49,7.96,7.49,low,0.0,0.0,0.0,17.9,2.615339366124403,97.0,0.0,0.0,0.0,19.4,2.3545700244418337,58.833333333333336,0.0,0.0,0.0,22.883333333333336,4.545693933090238,49.583333333333336,0.0,0.0,2.199999999999818,4.2999999999999545,-0.29999999999999893,-2.0999999999999996,-11.2,10.200000000000001,0.0,0.0,0.0,0.0,1.0,1.0,-0.0,0.0,1.0,-0.23392112750462363,0.02251821022925986,1.0,0.22325213812549133,0.51,0.6436285097192225,0.0,1.0,0.0,0.0,0.0,0.0
2026-01-24 09:00:00,-11.8,42,-22.0,-17.6,0.0,0.0,0.0,0.02,3,1038.6,1036.6,100,13.5,326,0.0,0.0,0.0,0.0,7.56,8.12,8.1,low,0.0,0.0,0.0,15.833333333333334,2.9143323992525847,100.0,0.0,0.0,0.0,18.066666666666666,3.0806925628284776,75.5,0.0,0.0,0.0,21.583333333333332,4.828105846044195,55.916666666666664,0.0,0.0,2.599999999999909,4.199999999999818,0.29999999999999893,-1.0,-9.0,10.2,0.0,0.0,0.0,0.0,1.0,1.0,-0.0,0.0,1.0,-0.3247630706922231,0.07225555617149966,1.0,0.22264177398456522,0.4700000000000002,0.4967602591792657,0.0,1.0,0.0,0.0,0.0,1.0
2026-01-24 10:00:00,-11.2,41,-22.0,-17.2,0.0,0.0,0.0,0.02,3,1039.5,1037.5,100,14.2,328,0.0,0.0,0.0,0.0,7.2,6.9,8.67,low,0.0,0.0,0.0,14.200000000000001,0.6999999999999913,100.0,0.0,0.0,0.0,17.0,3.135602015562567,91.0,0.0,0.0,0.0,20.458333333333336,4.846077764230551,56.666666666666664,0.0,0.0,2.7000000000000455,4.2000000000000455,1.0,0.20000000000000107,-6.199999999999999,10.8,0.0,0.0,0.0,0.0,1.0,1.0,-0.0,0.0,1.0,-0.3965575096630678,-0.18793743976613092,1.0,0.1747344680854225,0.7749999999999999,0.45140388768898476,0.0,1.0,0.0,0.0,0.0,1.0
2026-01-24 11:00:00,-10.4,38,-22.0,-16.5,0.0,0.0,0.0,0.02,3,1040.0,1038.0,100,15.2,339,0.0,0.0,0.0,0.0,7.38,6.99,8.94,low,0.0,0.0,0.0,14.299999999999999,0.8544003745317457,100.0,0.0,0.0,0.0,16.1,2.6298288917722443,98.5,0.0,0.0,0.0,19.233333333333334,4.031993265987653,58.416666666666664,0.0,0.0,2.400000000000091,4.599999999999909,1.6999999999999993,1.4000000000000004,-3.6000000000000005,11.6,0.0,0.0,0.0,0.0,1.0,1.0,-0.0,0.0,1.0,-0.39216193176689373,-0.05409288846792082,1.0,0.1963388565967585,0.7525,0.35421166306695473,0.0,1.0,0.0,0.0,0.0,1.0
2026-01-24 12:00:00,-9.6,35,-22.0,-15.5,0.0,0.0,0.0,0.02,3,1040.0,1038.0,100,14.4,337,0.0,0.0,0.0,0.0,7.42,6.81,9.0,low,0.0,0.0,0.0,14.6,0.5291502622129068,100.0,0.0,0.0,0.0,15.216666666666669,1.991398168791641,100.0,0.0,0.0,0.0,18.341666666666665,3.792686343077922,64.08333333333333,0.0,0.0,1.400000000000091,4.0,2.200000000000001,2.5,-1.1999999999999993,12.4,0.0,0.0,0.0,0.0,1.0,1.0,-0.0,0.0,1.0,-0.3789751980783712,-0.030940855407805244,1.0,0.20123674292654628,0.7975000000000001,0.33261339092872544,0.0,1.0,0.0,0.0,0.0,1.0
2026-01-24 13:00:00,-8.8,35,-21.5,-14.6,0.0,0.0,0.0,0.02,3,1039.1,1037.1,100,13.3,333,0.0,0.0,0.0,0.0,7.61,7.04,9.0,low,0.0,0.0,0.0,14.299999999999999,0.9539392014169392,100.0,0.0,0.0,0.0,14.25,0.7503332592921866,100.0,0.0,0.0,0.0,17.325,3.3029257003175623,71.08333333333333,0.40000000000009095,0.0,-0.40000000000009095,2.2999999999999545,2.3999999999999986,3.3999999999999986,1.0,12.7,0.0,0.0,0.0,0.0,1.0,1.0,-0.0,0.0,1.0,-0.39216193176689373,0.11230571427977534,1.0,0.2226874374840438,0.74,0.291576673866091,0.0,1.0,0.0,0.0,0.0,1.0
2026-01-24 14:00:00,-8.1,32,-21.8,-13.8,0.0,0.0,0.0,0.02,1,1038.4,1036.4,38,12.8,325,0.0,0.0,0.0,0.0,7.73,6.97,8.62,low,0.0,0.0,0.0,13.5,0.8185352771872392,79.33333333333333,0.0,0.0,0.0,13.9,0.8671793355471734,89.66666666666667,0.0,0.0,0.0,16.650000000000002,3.3334393922521306,74.25,1.599999999999909,0.0,-1.599999999999909,0.8000000000001819,2.3000000000000007,4.0,1.9000000000000004,13.700000000000001,0.0,0.0,0.0,0.0,1.0,1.0,-0.0,0.0,1.0,-0.42732655493628713,0.19937062074617146,1.0,0.23318889662617492,0.7575000000000001,0.3477321814254858,0.0,1.0,0.0,0.0,0.0,1.0
2026-01-24 15:00:00,-7.3,31,-21.8,-13.2,0.0,0.0,0.0,0.02,3,1037.7,1035.7,100,13.8,331,0.0,0.0,0.0,0.0,7.76,6.79,8.62,low,0.0,0.0,0.0,13.300000000000002,0.49999999999999134,79.33333333333333,0.0,0.0,0.0,13.950000000000001,0.8479386770280247,89.66666666666667,0.0,0.0,0.0,16.008333333333336,3.043460450729003,82.58333333333333,2.2999999999999545,0.8999999999998636,-2.2999999999999545,-0.8999999999998636,2.3,4.500000000000001,3.500000000000001,14.5,0.0,0.0,0.0,0.0,1.0,1.0,-0.0,0.0,1.0,-0.3749710017934727,0.2193228577174362,1.0,0.24123909817529757,0.8025,0.3412526997840176,0.0,1.0,0.0,0.0,0.0,1.0
2026-01-24 16:00:00,-7.2,30,-21.9,-13.1,0.0,0.0,0.0,0.02,3,1038.0,1036.0,100,13.4,336,0.0,0.0,0.0,0.0,7.44,6.79,8.62,low,0.0,0.0,0.0,13.333333333333334,0.5033222956847078,79.33333333333333,0.0,0.0,0.0,13.816666666666668,0.863519928355278,89.66666666666667,0.0,0.0,0.0,15.408333333333331,2.751679927651923,90.33333333333333,1.099999999999909,1.5,-1.099999999999909,-1.5,1.6000000000000005,3.999999999999999,4.2,14.7,0.0,0.0,0.0,0.0,1.0,1.0,-0.0,0.0,1.0,-0.33274133653795746,-0.013325333761201893,1.0,0.20834507120846973,0.8025,0.4103671706263503,0.0,1.0,0.0,0.0,0.0,1.0
2026-01-24 17:00:00,-7.5,32,-21.5,-13.1,0.0,0.0,0.0,0.02,3,1038.3,1036.3,100,12.1,339,0.0,0.0,0.0,0.0,7.18,7.01,8.62,low,0.0,0.0,0.0,13.1,0.8888194417315549,100.0,0.0,0.0,0.0,13.299999999999999,0.7949842765740986,89.66666666666667,0.0,0.0,0.0,14.700000000000001,2.3598921392917465,94.08333333333333,0.10000000000013642,1.7000000000000455,-0.10000000000013642,-1.7000000000000455,0.5999999999999996,2.9000000000000004,4.300000000000001,14.0,0.0,0.0,0.0,0.0,1.0,1.0,-0.0,0.0,1.0,-0.32940952742121155,-0.2079131415661434,1.0,0.17784408171782312,0.7475,0.46652267818574544,0.0,1.0,0.0,0.0,0.0,1.0
2026-01-24 18:00:00,-7.8,35,-20.8,-13.4,0.0,0.0,0.0,0.02,3,1038.6,1036.6,100,11.6,345,0.0,0.0,0.0,0.0,7.15,7.03,8.62,low,0.0,0.0,0.0,12.366666666666667,0.9291573243177542,100.0,0.0,0.0,0.0,12.833333333333336,0.8406346808612613,89.66666666666667,0.0,0.0,0.0,14.025,1.9164953810157257,94.83333333333333,0.0,1.400000000000091,0.8999999999998636,-1.400000000000091,-0.5,1.7999999999999998,4.3,13.0,0.0,0.0,0.0,0.0,1.0,1.0,-0.0,0.0,1.0,-0.3820260016382096,-0.22707446147083057,1.0,0.169894744676435,0.7424999999999999,0.47300215982721405,0.0,1.0,0.0,0.0,0.0,1.0
2026-01-24 19:00:00,-8.0,38,-19.9,-13.0,0.0,0.0,0.0,0.02,3,1038.4,1036.4,100,8.0,351,0.0,0.0,0.0,0.0,7.51,7.75,8.62,low,0.0,0.0,0.0,10.566666666666668,2.2368132093076825,100.0,0.0,0.0,0.0,11.950000000000001,2.0973793171479636,89.66666666666667,0.0,0.0,0.0,13.100000000000001,1.9230657342332012,94.83333333333333,0.0,0.6999999999998181,0.40000000000009095,-0.6999999999998181,-0.7999999999999998,0.8000000000000007,4.199999999999999,11.899999999999999,0.0,0.0,0.0,0.0,1.0,1.0,-0.0,0.0,1.0,-0.5087049551633858,0.03680779914510222,1.0,0.19984566018498773,0.5625,0.39524838012958996,0.0,1.0,0.0,0.0,0.0,1.0
2026-01-24 20:00:00,-8.7,39,-20.0,-13.2,0.0,0.0,0.0,0.01,3,1039.0,1037.0,100,4.7,337,0.0,0.0,0.0,0.0,7.87,8.41,9.0,low,0.0,0.0,0.0,8.1,3.451086785347481,100.0,0.0,0.0,0.0,10.6,3.5468295701936494,100.0,0.0,0.0,0.0,12.25,3.0049958402633536,94.83333333333333,0.0,0.0,0.7000000000000455,0.599999999999909,-1.1999999999999993,-0.5999999999999996,3.4000000000000004,11.3,0.0,0.0,0.0,0.0,1.0,1.0,-0.0,0.0,1.0,-0.6646877613296923,0.300607404267351,1.0,0.22704604163809206,0.39749999999999996,0.2354211663066954,0.0,1.0,1.0,1.0,0.0,1.0
2026-01-24 21:00:00,-7.6,33,-21.2,-12.4,0.0,0.0,0.0,0.01,3,1039.4,1037.4,100,6.5,341,0.0,0.0,0.0,0.0,7.25,7.43,9.0,low,0.0,0.0,0.0,6.3999999999999995,1.6522711641858365,100.0,0.0,0.0,0.0,9.383333333333333,3.4810439047312727,100.0,0.0,0.0,0.0,11.666666666666666,3.394469655546254,94.83333333333333,0.0,0.0,0.8000000000001819,1.7000000000000455,0.20000000000000018,-0.2999999999999998,4.200000000000001,13.6,0.0,0.0,0.0,0.0,1.0,1.0,-0.0,0.0,1.0,-0.7394125855646532,-0.15313916400678002,1.0,0.14821652492326903,0.6425000000000001,0.3693304535637151,0.0,1.0,0.0,0.0,0.0,1.0
2026-01-24 22:00:00,-7.7,33,-21.2,-12.4,0.0,0.0,0.0,0.01,3,1039.3,1037.3,100,6.3,355,0.0,0.0,0.0,0.0,7.12,7.06,9.0,low,0.0,0.0,0.0,5.833333333333333,0.9865765724632604,100.0,0.0,0.0,0.0,8.2,3.0186089511561587,100.0,0.0,0.0,0.0,11.008333333333333,3.6172461482417475,94.83333333333333,0.0,0.0,0.8999999999998636,1.2999999999999545,0.2999999999999998,-0.5,3.499999999999999,13.5,0.0,0.0,0.0,0.0,1.0,1.0,-0.0,0.0,1.0,-0.7643208603096402,-0.24842568996336775,1.0,0.13080143980741618,0.7350000000000001,0.3974082073434124,0.0,1.0,0.0,0.0,0.0,1.0
2026-01-24 23:00:00,-7.4,31,-21.5,-12.3,0.0,0.0,0.0,0.01,3,1039.4,1037.4,100,6.6,16,0.0,0.0,0.0,0.0,7.14,6.6,9.0,low,0.0,0.0,0.0,6.466666666666666,0.15275252316526344,100.0,0.0,0.0,0.0,7.283333333333332,2.3608614247064055,100.0,0.0,0.0,0.0,10.291666666666666,3.5628023529324033,94.83333333333333,0.0,0.0,0.40000000000009095,1.1000000000001364,1.299999999999999,0.09999999999999964,3.0,14.1,0.0,0.0,0.0,0.0,1.0,1.0,-0.0,0.0,1.0,-0.7364822003005371,-0.23261745309771326,1.0,0.13590518709831084,0.8500000000000001,0.3930885529157667,0.0,1.0,0.0,0.0,0.0,1.0
2026-01-25 00:00:00,-7.5,31,-21.6,-12.4,0.0,0.0,0.0,0.01,3,1038.7,1036.7,100,7.3,36,0.0,0.0,0.0,0.0,7.07,6.8,9.0,low,0.0,0.0,0.0,6.733333333333333,0.5131601439447087,100.0,0.0,0.0,0.0,6.566666666666666,1.109354166471089,100.0,0.0,0.0,0.0,9.7,3.4045424201952827,94.83333333333333,0.7000000000000455,0.0,-0.7000000000000455,0.10000000000013642,0.09999999999999964,0.2999999999999998,2.0999999999999996,14.100000000000001,0.0,0.0,0.0,0.0,1.0,1.0,-0.0,0.0,1.0,-0.7247606592440725,-0.28514074989592947,1.0,0.1286833027384618,0.8,0.40820734341252707,0.0,1.0,0.0,0.0,0.0,1.0
2026-01-25 01:00:00,-7.6,30,-22.1,-12.6,0.0,0.0,0.0,0.01,3,1038.1,1036.1,100,8.0,48,0.0,0.0,0.0,0.0,7.18,6.9,9.0,low,0.0,0.0,0.0,7.3,0.7000000000000148,100.0,0.0,0.0,0.0,6.566666666666667,1.109354166471089,100.0,0.0,0.0,0.0,9.258333333333333,3.2346022189987402,94.83333333333333,1.2000000000000455,0.3000000000001819,-1.2000000000000455,-0.3000000000001819,0.10000000000000053,0.40000000000000036,1.200000000000001,14.500000000000002,0.0,0.0,0.0,0.0,1.0,1.0,-0.0,0.0,1.0,-0.6794701481873493,-0.20195972643408605,1.0,0.1460855529618916,0.7749999999999999,0.3844492440604753,0.0,1.0,0.0,0.0,0.0,1.0
2026-01-25 02:00:00,-8.2,33,-21.8,-13.6,0.0,0.0,0.0,0.01,3,1037.8,1035.8,100,10.6,44,0.0,0.0,0.0,0.0,7.62,7.47,9.0,low,0.0,0.0,0.0,8.633333333333333,1.738773514099336,100.0,0.0,0.0,0.0,7.55,1.6208022704821494,100.0,0.0,0.0,0.0,9.075000000000001,3.0739743300519344,100.0,1.6000000000001364,1.2000000000000455,-1.6000000000001364,-1.2000000000000455,-0.7999999999999989,0.5,-0.09999999999999964,13.600000000000001,0.0,0.0,0.0,0.0,1.0,1.0,-0.0,0.0,1.0,-0.5597157339698644,0.12068011066669651,1.0,0.20836130120762225,0.6325000000000001,0.28941684665226775,0.0,1.0,0.0,0.0,0.0,1.0
2026-01-25 03:00:00,-8.6,36,-21.0,-14.2,0.1,0.0,0.07,0.01,71,1037.2,1035.2,100,12.2,49,1.0,0.0,0.0,0.0,6.33,7.13,9.0,low,0.1,0.0,0.07,10.266666666666666,2.1197484127446247,100.0,0.1,0.0,0.07,8.5,2.3765521244020884,100.0,0.1,0.0,0.07,8.941666666666666,2.8789070948202053,100.0,1.5,2.2000000000000455,-1.5,-2.2000000000000455,-1.0999999999999996,-1.0,-1.2999999999999998,12.4,1.0,0.0,1.0,0.0,0.0,0.0,-0.0,1.0,0.0,-0.3941416474744277,-0.8289885517937343,0.0,0.07536585785445167,0.7175,0.5680345572354213,0.0,0.0,0.0,0.0,1.0,1.0
2026-01-25 04:00:00,-8.9,40,-19.9,-14.2,0.1,0.0,0.07,0.01,71,1036.7,1034.7,100,10.8,53,1.0,0.0,0.0,0.0,6.08,6.45,9.0,low,0.2,0.0,0.14,11.199999999999998,0.8717797887081488,100.0,0.2,0.0,0.14,9.25,2.2501111083677787,100.0,0.2,0.0,0.14,8.725,2.5968949991025223,100.0,1.3999999999998636,2.599999999999909,-1.3999999999998636,-2.599999999999909,-1.3000000000000007,-1.2000000000000002,-1.7000000000000002,10.999999999999998,1.0,0.0,1.0,0.0,0.0,0.0,-0.0,1.0,0.0,-0.30010107887566745,-1.016104694956368,0.0,0.056435314614618766,0.8875,0.6220302375809936,0.0,0.0,0.0,0.0,0.0,1.0
2026-01-25 05:00:00,-8.9,45,-18.7,-14.4,0.1,0.0,0.07,0.01,71,1035.8,1033.8,100,11.6,43,1.0,0.0,0.0,0.0,6.0,6.35,9.0,low,0.30000000000000004,0.0,0.21000000000000002,11.533333333333333,0.7023769168568668,100.0,0.30000000000000004,0.0,0.21000000000000002,10.083333333333334,1.9823386861650893,100.0,0.30000000000000004,0.0,0.21000000000000002,8.683333333333334,2.5412356812934216,100.0,2.0,3.6000000000001364,-2.0,-3.6000000000001364,-0.7000000000000011,-1.5,-1.4000000000000004,9.799999999999999,1.0,0.0,1.0,0.0,0.0,0.0,-0.0,1.0,0.0,-0.19166950503047941,-1.0744730932162643,0.0,0.05923583200933115,0.9125000000000001,0.6393088552915768,0.0,0.0,0.0,0.0,0.0,1.0
2026-01-25 06:00:00,-9.1,54,-16.8,-14.9,0.3,0.0,0.21,0.02,73,1034.9,1032.9,100,14.9,45,1.0,0.0,0.0,0.0,6.33,7.16,9.0,low,0.5,0.0,0.35,12.433333333333332,2.173323108360411,100.0,0.6,0.0,0.42000000000000004,11.350000000000001,2.257210668059155,100.0,0.6,0.0,0.42000000000000004,8.958333333333334,3.019168559037213,100.0,2.2999999999999545,3.7999999999999545,-2.2999999999999545,-3.7999999999999545,-0.5,-1.5999999999999996,-1.2999999999999998,7.700000000000001,1.0,0.0,1.0,0.0,0.0,0.0,-0.0,1.0,0.0,-0.08684342678608423,-0.829424618292931,0.0,0.11357182967139728,0.71,0.5680345572354213,0.0,0.0,0.0,0.0,0.0,1.0
2026-01-25 07:00:00,-9.4,64,-14.9,-15.2,0.5,0.0,0.35,0.02,73,1034.3,1032.3,100,15.0,53,1.0,0.0,0.0,0.0,6.29,7.03,9.0,low,0.9,0.0,0.6299999999999999,13.833333333333334,1.9347695814575339,100.0,1.1,0.0,0.77,12.516666666666667,1.9701945758393293,100.0,1.1,0.0,0.77,9.541666666666666,3.461071387809735,100.0,2.400000000000091,3.7999999999999545,-2.400000000000091,-3.7999999999999545,-0.5,-1.8000000000000007,-1.4000000000000004,5.5,1.0,0.0,1.0,0.0,0.0,0.0,-0.0,1.0,0.0,0.07805010303573566,-0.8586878208911207,0.0,0.13391027210933246,0.7424999999999999,0.576673866090713,0.0,0.0,0.0,0.0,0.0,1.0
2026-01-25 08:00:00,-10.8,75,-14.3,-16.8,1.0,0.0,0.7,0.03,73,1034.6,1032.6,100,17.1,38,1.0,0.0,0.0,0.0,6.26,6.65,9.0,low,1.8,0.0,1.2599999999999998,15.666666666666666,1.242309676905625,100.0,2.1,0.0,1.47,13.6,2.4372115213907968,100.0,2.1,0.0,1.47,10.575000000000001,3.7251296499707176,100.0,1.2000000000000455,3.2000000000000455,-1.2000000000000455,-3.2000000000000455,-1.9000000000000004,-2.6000000000000014,-2.1000000000000014,3.5,1.0,0.0,1.0,0.0,0.0,0.0,-0.0,1.0,0.0,0.35042096354509517,-0.8825986718728405,0.0,0.17470481117664516,0.8374999999999999,0.5831533477321815,0.0,0.0,0.0,0.0,0.0,1.0
2026-01-25 09:00:00,-11.2,81,-13.9,-17.3,2.2,0.0,1.54,0.06,75,1032.8,1030.8,100,17.6,37,1.0,0.0,0.0,0.0,6.46,6.73,9.0,low,3.7,0.0,2.59,16.566666666666666,1.3796134724383347,100.0,4.2,0.0,2.94,14.5,2.7885480092693467,100.0,4.300000000000001,0.0,3.01,11.5,3.989987468652007,100.0,2.1000000000001364,4.400000000000091,-2.1000000000001364,-4.400000000000091,-2.0999999999999996,-2.5999999999999996,-3.5999999999999996,2.700000000000001,1.0,0.0,1.0,0.0,0.0,0.0,-0.0,1.0,0.0,0.9624484464156235,-0.735074812210551,0.0,0.29542536648029327,0.8174999999999999,0.5399568034557234,0.0,0.0,0.0,0.0,0.0,1.0
2026-01-25 10:00:00,-11.1,82,-13.4,-17.6,2.5,0.0,1.75,0.08,75,1031.0,1029.0,100,21.2,40,1.0,0.0,0.0,0.0,6.74,7.2,9.0,low,5.7,0.0,3.9899999999999998,18.633333333333336,2.2368132093076873,100.0,6.6000000000000005,0.0,4.62,16.23333333333333,3.22655647194756,100.0,6.800000000000001,0.0,4.76,12.741666666666667,4.509274953477626,100.0,3.2999999999999545,5.7000000000000455,-3.2999999999999545,-5.7000000000000455,-1.6999999999999993,-2.1999999999999993,-3.3999999999999995,2.3000000000000007,1.0,0.0,1.0,0.0,0.0,0.0,-0.0,1.0,0.0,1.6583906099975978,-0.529245107317349,0.0,0.43895848277993044,0.7,0.47948164146868255,0.0,0.0,0.0,0.0,0.0,1.0
2026-01-25 11:00:00,-10.4,84,-12.7,-17.2,2.9,0.0,2.03,0.11,75,1029.7,1027.7,100,22.7,41,1.0,0.0,0.0,0.0,6.78,7.41,9.0,low,7.6,0.0,5.32,20.5,2.621068484416236,100.0,9.4,0.0,6.58,18.083333333333332,3.220817701557583,100.0,9.7,0.0,6.79,14.083333333333334,4.8944928854847305,100.0,4.899999999999864,6.099999999999909,-4.899999999999864,-6.099999999999909,0.40000000000000036,-1.5,-3.0,2.299999999999999,1.0,0.0,1.0,0.0,0.0,0.0,-0.0,1.0,0.0,2.2585560490332,-0.4994722573046678,0.0,0.5533213859582571,0.6475,0.4708423326133908,0.0,0.0,0.0,0.0,0.0,1.0
2026-01-25 12:00:00,-9.8,85,-11.8,-16.7,2.9,0.0,2.03,0.13,75,1027.2,1025.2,100,24.3,47,1.0,0.0,0.0,0.0,6.85,6.82,9.0,low,8.3,0.0,5.81,22.733333333333334,1.5502687938978086,100.0,12.0,0.0,8.399999999999999,19.65,3.623672170602633,100.0,12.6,0.0,8.82,15.5,5.203145901541423,100.0,5.599999999999909,7.7000000000000455,-5.599999999999909,-7.7000000000000455,1.3999999999999986,-0.7000000000000011,-2.3000000000000007,2.0,1.0,0.0,1.0,0.0,0.0,0.0,-0.0,1.0,0.0,2.646301234442211,-0.4501443776102828,0.0,0.6471099310601959,0.7949999999999999,0.4557235421166309,0.0,0.0,0.0,0.0,0.0,1.0
2026-01-25 13:00:00,-9.7,87,-11.5,-16.7,2.3,0.0,1.61,0.15,75,1024.8,1022.8,100,24.7,34,1.0,0.0,0.0,0.0,6.82,6.55,9.0,low,8.1,0.0,5.67,23.899999999999995,1.0583005244258508,100.0,13.8,0.0,9.66,21.266666666666666,3.281869385985167,100.0,14.9,0.0,10.43,16.891666666666666,5.24793610225328,100.0,6.2000000000000455,9.5,-6.2000000000000455,-9.5,1.4000000000000004,-0.29999999999999893,-2.0999999999999996,1.8000000000000007,1.0,0.0,1.0,0.0,0.0,0.0,-0.0,1.0,0.0,2.768198674796893,-0.46946269554674414,0.0,0.6898846380920095,0.8625,0.4622030237580994,0.0,0.0,0.0,0.0,0.0,1.0
2026-01-25 14:00:00,-9.9,85,-12.0,-17.7,2.4,0.1,1.61,0.17,75,1021.4,1019.4,100,30.0,51,0.9415204678362572,0.0584795321637426,0.0,0.0,7.46,7.73,9.0,low,7.6,0.1,5.25,26.333333333333332,3.1817186131607187,100.0,15.200000000000001,0.1,10.57,23.416666666666668,4.123792752632781,100.0,17.3,0.1,12.04,18.508333333333333,6.059021573178495,100.0,8.300000000000068,13.199999999999932,-8.300000000000068,-13.199999999999932,0.5,0.9000000000000004,-1.700000000000001,2.0999999999999996,0.9813084112149534,0.01869158878504673,0.9906279287722587,0.009372071227741332,0.01869158878504662,0.009372071227741308,0.22276324251178842,0.9415204678362572,0.0584795321637428,2.9823645147539457,0.004217353966354942,0.03858556047439471,0.8109003059843913,0.5674999999999999,0.32397408207343403,0.0,0.0,0.0,1.0,0.0,1.0
2026-01-25 15:00:00,-7.9,87,-9.7,-14.6,3.5,1.9,1.12,0.19,75,1018.1,1016.1,100,23.8,51,0.3708609271523179,0.6291390728476821,0.0,0.0,8.34,7.98,9.0,low,8.2,2.0,4.34,26.166666666666668,3.3501243758006005,100.0,16.5,2.0,10.15,24.450000000000003,2.9978325503603407,100.0,20.7,2.0,13.09,19.475,5.8838955864909135,100.0,9.100000000000023,14.699999999999932,-9.100000000000023,-14.699999999999932,1.9000000000000004,3.299999999999999,0.6999999999999993,1.799999999999999,0.6845425867507886,0.31545741324921134,0.8353909465020576,0.1646090534979424,0.3154574132492114,0.16460905349794241,0.6594122912306877,0.6291390728476821,0.3708609271523179,2.947365977661232,0.651488394849182,0.34315917020076464,0.9200299655168354,0.5049999999999999,0.13390928725701967,1.0,0.0,0.0,1.0,0.0,1.0
2026-01-25 16:00:00,-6.8,89,-8.4,-13.1,2.6,2.1,0.35,0.2,73,1016.5,1014.5,100,21.6,31,0.1428571428571428,0.8571428571428571,0.0,0.0,8.58,8.6,9.0,low,8.5,4.1,3.08,25.133333333333336,4.355838993045238,100.0,16.6,4.1,8.75,24.516666666666666,2.91438958731784,100.0,23.2,4.1,13.37,20.375,5.225483883640038,100.0,8.299999999999955,14.5,-8.299999999999955,-14.5,2.8999999999999995,4.3,2.1000000000000005,1.6000000000000005,0.42896935933147634,0.5710306406685236,0.6809338521400778,0.31906614785992216,0.4289693593314764,0.31906614785992216,0.410116318288409,0.8571428571428571,0.1428571428571429,2.6512968383782756,0.8280317599658256,0.28591325109430965,0.9056932181070432,0.3500000000000001,0.08207343412527057,1.0,0.0,1.0,1.0,0.0,1.0
2026-01-25 17:00:00,-8.2,89,-9.8,-14.8,2.3,2.1,0.14,0.2,71,1015.3,1013.3,100,23.3,23,0.0625,0.9375,0.0,0.0,7.08,6.72,9.0,low,8.399999999999999,6.1,1.61,22.900000000000002,1.1532562594670897,100.0,16.0,6.2,6.86,24.616666666666664,2.8491519206014,100.0,25.4,6.2,13.44,21.349999999999998,4.477316566467417,100.0,6.100000000000023,14.400000000000091,-6.100000000000023,-14.400000000000091,1.700000000000001,2.200000000000001,0.7000000000000011,1.6000000000000014,0.20881971465629054,0.7911802853437094,0.5252679938744257,0.47473200612557426,0.20881971465629057,0.4747320061255743,0.2337916587064593,0.9375,0.0625,2.2208992414366397,-0.2762257302953314,0.13565985732814528,0.6626022782796398,0.8200000000000001,0.4060475161987046,0.0,0.0,0.0,0.0,0.0,1.0
2026-01-25 18:00:00,-7.8,90,-9.2,-14.4,1.8,1.8,0.0,0.21,61,1012.8,1010.8,100,23.1,37,0.0,1.0,0.0,0.0,6.45,6.52,9.0,low,6.699999999999999,6.0,0.49,22.666666666666668,0.9291573243177688,100.0,14.9,8.0,4.83,24.416666666666668,2.917133296005969,100.0,26.9,8.0,13.23,22.03333333333333,4.004164498785393,100.0,5.300000000000068,14.400000000000091,-5.300000000000068,-14.400000000000091,0.10000000000000053,2.000000000000001,1.2999999999999998,1.3999999999999995,0.07550077041602465,0.9244992295839753,0.3764614185502728,0.6235385814497272,0.07550077041602465,0.3764614185502728,-0.0,1.0,0.0,1.7863621136920789,-0.7464070634764921,0.03775038520801233,0.5123236664890183,0.8700000000000001,0.5421166306695466,0.0,0.0,0.0,0.0,0.0,1.0
2026-01-25 19:00:00,-3.8,89,-5.2,-9.3,3.2,3.2,0.0,0.21,63,1010.6,1008.7,100,18.6,46,0.0,1.0,0.0,0.0,7.49,7.44,9.0,low,7.3,7.1000000000000005,0.14,21.666666666666668,2.657693235370355,100.0,15.8,11.2,3.2199999999999998,23.400000000000002,3.74432904536981,100.0,29.599999999999998,11.2,12.88,22.333333333333332,3.5369049986813197,100.0,5.899999999999977,14.199999999999932,-5.899999999999977,-14.199999999999932,3.0,5.8999999999999995,5.6000000000000005,1.4000000000000004,0.019337016574585638,0.9806629834254144,0.22330097087378642,0.7766990291262137,0.01933701657458564,0.2233009708737863,-0.0,1.0,0.0,1.7190731224998665,0.022595140957487825,0.00966850828729282,0.6198138605081044,0.6399999999999999,0.3174946004319651,0.0,0.0,0.0,0.0,0.0,1.0
2026-01-25 20:00:00,-7.1,88,-8.7,-13.9,2.0,2.0,0.0,0.18,61,1010.5,1008.6,100,25.2,42,0.0,1.0,0.0,0.0,7.08,7.82,9.0,low,7.0,7.0,0.0,22.3,3.371943060017475,100.0,15.399999999999999,13.100000000000001,1.61,22.599999999999998,2.2777181564012703,100.0,30.599999999999998,13.2,12.18,23.008333333333336,3.2046722519509183,100.0,4.7999999999999545,10.899999999999977,-4.7999999999999545,-10.899999999999977,1.0999999999999996,2.8000000000000007,3.700000000000001,1.5999999999999996,0.0,1.0,0.10944935418082936,0.8905506458191706,0.0,0.10944935418082935,-0.0,1.0,0.0,1.4601704412236896,-0.2768245729802592,0.0,0.5255896269957465,0.5449999999999999,0.4060475161987046,0.0,0.0,0.0,1.0,0.0,1.0
2026-01-25 21:00:00,-6.3,90,-7.7,-12.2,1.6,1.6,0.0,0.19,61,1009.1,1007.2,100,19.5,34,0.0,1.0,0.0,0.0,7.06,7.94,9.0,low,6.800000000000001,6.800000000000001,0.0,21.099999999999998,3.5791060336346563,100.0,13.5,12.8,0.49,21.883333333333336,2.491117553763105,100.0,30.0,14.8,10.64,23.166666666666668,2.9499871597049654,100.0,3.699999999999932,9.0,-3.699999999999932,-9.0,1.5,1.6000000000000005,4.8999999999999995,1.4000000000000004,0.0,1.0,0.03686982693754703,0.963130173062453,0.0,0.036869826937547034,-0.0,1.0,0.0,1.2566179653914251,-0.2951779967626581,0.0,0.4696721465695657,0.5149999999999999,0.4103671706263503,0.0,0.0,0.0,1.0,0.0,1.0
2026-01-25 22:00:00,-5.7,90,-7.1,-11.6,0.7,0.7,0.0,0.19,53,1006.8,1004.9,100,19.7,42,0.0,1.0,0.0,0.0,7.08,7.75,9.0,low,4.3,4.3,0.0,21.46666666666667,3.234707611722169,100.0,11.6,11.4,0.14,21.566666666666666,2.650031446354304,100.0,28.2,15.5,8.89,23.041666666666668,3.070226030569705,100.0,3.800000000000068,9.700000000000045,-3.800000000000068,-9.700000000000045,-1.9000000000000004,1.0999999999999996,5.3999999999999995,1.3999999999999995,0.0,1.0,0.012131715771230503,0.9878682842287695,0.0,0.012131715771230511,-0.0,1.0,0.0,1.0488180802723703,-0.28024266116772734,0.0,0.42729695545628643,0.5625,0.4060475161987046,0.0,0.0,0.0,1.0,0.0,1.0
2026-01-25 23:00:00,-4.4,88,-6.2,-9.4,0.1,0.1,0.0,0.19,51,1008.4,1006.5,100,14.3,19,0.0,1.0,0.0,0.0,6.97,7.65,9.0,low,2.4,2.4,0.0,17.833333333333332,3.0615900008546695,100.0,9.4,9.4,0.0,20.066666666666666,3.779241546483462,100.0,25.400000000000002,15.6,6.86,22.34166666666667,3.9784552354658955,100.0,2.1000000000000227,6.899999999999977,-2.1000000000000227,-6.899999999999977,2.6999999999999993,3.799999999999999,6.0,1.7999999999999998,0.0,1.0,0.0,1.0,0.0,0.0,-0.0,1.0,0.0,0.49255645564800044,-0.36257015541114823,0.0,0.33595556658566594,0.5874999999999999,0.42980561555075625,0.0,0.0,0.0,0.0,0.0,1.0
2026-01-26 00:00:00,-4.4,89,-6.1,-9.4,0.2,0.2,0.0,0.19,51,1008.6,1006.7,100,14.4,347,0.0,1.0,0.0,0.0,6.58,7.67,9.0,low,1.0,1.0,0.0,16.133333333333333,3.0892285984260326,100.0,7.8,7.8,0.0,18.616666666666667,4.042482735481592,100.0,22.7,15.8,4.83,21.516666666666666,4.524445387072984,100.0,0.5,4.199999999999932,-0.5,-4.199999999999932,1.8999999999999995,3.3999999999999995,5.4,1.6999999999999993,0.0,1.0,0.0,1.0,0.0,0.0,-0.0,1.0,0.0,0.08236519354671804,-0.6483050314223737,0.0,0.23438089982655005,0.5825,0.514038876889849,0.0,0.0,0.0,0.0,0.0,1.0
2026-01-26 01:00:00,-5.0,89,-6.5,-10.0,0.0,0.0,0.0,0.18,3,1007.5,1005.6,100,14.4,359,0.0,0.0,0.0,0.0,6.29,6.0,9.0,low,0.30000000000000004,0.30000000000000004,0.0,14.366666666666667,0.057735026918267617,100.0,4.6,4.6,0.0,17.916666666666668,4.394276580583742,100.0,20.400000000000002,15.8,3.2200000000000006,20.658333333333335,4.8321759324784725,100.0,0.0,3.1000000000000227,0.7000000000000455,-3.1000000000000227,0.7000000000000002,-1.2000000000000002,4.699999999999999,1.5,0.0,1.0,0.0,1.0,0.0,0.0,-0.0,0.0,1.0,-0.14603803795907527,-0.8601718452399953,0.5,0.14347359367143878,1.0,0.576673866090713,0.0,0.0,0.0,0.0,0.0,1.0
2026-01-26 02:00:00,-5.7,86,-7.7,-10.5,0.0,0.0,0.0,0.17,3,1007.9,1006.0,100,12.1,3,0.0,0.0,0.0,0.0,6.77,6.7,9.0,low,0.2,0.2,0.0,13.633333333333333,1.3279056191361063,100.0,2.6,2.6,0.0,15.733333333333333,3.121965193058179,100.0,18.0,15.700000000000001,1.61,19.166666666666668,4.4325927838995955,100.0,0.5,2.6000000000000227,-0.5,-2.6000000000000227,-1.2999999999999998,1.3999999999999995,4.2,2.0,0.0,1.0,0.0,1.0,0.0,0.0,-0.0,0.0,1.0,-0.22310169193585466,-0.5040706019626877,0.5,0.17014781832782816,0.825,0.47300215982721405,0.0,0.0,0.0,0.0,0.0,1.0
2026-01-26 03:00:00,-5.2,85,-7.4,-9.6,0.0,0.0,0.0,0.17,3,1008.5,1006.6,100,9.7,2,0.0,0.0,0.0,0.0,7.55,7.81,9.0,low,0.0,0.0,0.0,12.066666666666668,2.350177298276286,100.0,1.0,1.0,0.0,14.1,3.314815228636457,100.0,14.5,13.8,0.49,17.991666666666667,4.933274467298263,100.0,0.10000000000002274,0.6000000000000227,-0.10000000000002274,-0.6000000000000227,-0.7999999999999998,1.0999999999999996,2.7,2.2,0.0,0.0,0.0,1.0,1.0,0.0,-0.0,0.0,1.0,-0.44956536549133397,0.06608592114112362,1.0,0.2212633524287967,0.5475000000000001,0.3045356371490281,0.0,1.0,0.0,0.0,0.0,1.0
2026-01-26 04:00:00,-5.2,85,-7.3,-9.5,0.0,0.0,0.0,0.17,3,1008.5,1006.6,100,9.4,360,0.0,0.0,0.0,0.0,7.21,7.33,9.0,low,0.0,0.0,0.0,10.4,1.479864858694827,100.0,0.30000000000000004,0.30000000000000004,0.0,12.383333333333335,2.365938855225737,100.0,11.9,11.700000000000001,0.14,16.974999999999998,5.3606520973749925,100.0,0.0,0.0,1.0,1.7000000000000455,-0.20000000000000018,0.5,1.5999999999999996,2.0999999999999996,0.0,0.0,0.0,1.0,1.0,0.0,-0.0,0.0,1.0,-0.5635894697176863,-0.18181886924644552,1.0,0.16347698948024356,0.6675,0.37796976241900637,0.0,1.0,0.0,0.0,0.0,1.0
2026-01-26 05:00:00,-5.2,85,-7.3,-9.2,0.0,0.0,0.0,0.17,3,1008.7,1006.8,100,6.8,349,0.0,0.0,0.0,0.0,7.3,7.39,9.0,low,0.0,0.0,0.0,8.633333333333335,1.594783161854041,100.0,0.2,0.2,0.0,11.133333333333333,3.0368843683398454,100.0,9.600000000000001,9.600000000000001,0.0,15.6,5.696410352940782,100.0,0.0,0.0,0.8000000000000682,0.3000000000000682,0.5,-0.7999999999999998,2.999999999999999,2.0999999999999996,0.0,0.0,0.0,1.0,1.0,0.0,-0.0,0.0,1.0,-0.6412446792167633,-0.11634792646343377,1.0,0.16546412716622708,0.6525000000000001,0.35853131749460043,0.0,1.0,0.0,0.0,0.0,1.0
2026-01-26 06:00:00,-5.2,86,-7.2,-9.3,0.0,0.0,0.0,0.17,3,1008.7,1006.8,100,7.5,345,0.0,0.0,0.0,0.0,7.14,7.26,9.0,low,0.0,0.0,0.0,7.900000000000001,1.3453624047073083,100.0,0.0,0.0,0.0,9.983333333333333,2.8533605917701554,100.0,7.8,7.8,0.0,14.299999999999999,5.608597296683339,100.0,0.0,0.0,0.20000000000004547,0.10000000000002274,0.0,-0.7999999999999998,2.5999999999999996,2.0,0.0,0.0,0.0,0.0,1.0,1.0,-0.0,0.0,1.0,-0.6734789171220406,-0.23509617973809543,1.0,0.14139819886751176,0.685,0.3930885529157667,0.0,1.0,0.0,0.0,0.0,1.0
2026-01-26 07:00:00,-5.2,86,-7.3,-9.3,0.0,0.0,0.0,0.16,3,1008.7,1006.8,100,7.2,338,0.0,0.0,0.0,0.0,6.91,6.71,9.0,low,0.0,0.0,0.0,7.166666666666667,0.35118845842816926,100.0,0.0,0.0,0.0,8.783333333333333,2.0153577019147155,100.0,4.6,4.6,0.0,13.35,5.776991982306743,100.0,0.0,0.0,0.20000000000004547,1.2000000000000455,0.0,-0.20000000000000018,-1.4000000000000004,2.0999999999999996,0.0,0.0,0.0,0.0,1.0,1.0,-0.0,0.0,1.0,-0.7057131550273179,-0.4004765331714427,1.0,0.11219966339352815,0.8225,0.44276457883369336,0.0,1.0,0.0,0.0,0.0,1.0
2026-01-26 08:00:00,-5.6,87,-7.3,-9.7,0.0,0.0,0.0,0.15,3,1009.8,1007.9,100,7.5,314,0.0,0.0,0.0,0.0,6.96,6.61,9.0,low,0.0,0.0,0.0,7.3999999999999995,0.17320508075637775,100.0,0.0,0.0,0.0,8.016666666666666,1.2188792666490755,100.0,2.6,2.6,0.0,11.875,4.620138722828771,100.0,0.0,0.0,1.099999999999909,1.8999999999999773,-0.39999999999999947,0.10000000000000053,1.5,1.7000000000000002,0.0,0.0,0.0,0.0,1.0,1.0,-0.0,0.0,1.0,-0.6954568066029115,-0.36827819655619354,1.0,0.11825625262647747,0.8474999999999999,0.4319654427645787,0.0,1.0,0.0,0.0,0.0,1.0
2026-01-26 09:00:00,-5.8,86,-7.7,-10.1,0.0,0.0,0.0,0.15,3,1010.3,1008.4,100,9.0,276,0.0,0.0,0.0,0.0,7.18,7.05,9.0,low,0.0,0.0,0.0,7.8999999999999995,0.964365076099207,100.0,0.0,0.0,0.0,7.900000000000001,1.0469001862643474,100.0,1.0,1.0,0.0,11.0,3.9970443625713847,100.0,0.0,0.0,1.599999999999909,1.7999999999999545,-0.5999999999999996,-0.5999999999999996,0.5,1.9000000000000004,0.0,0.0,0.0,0.0,1.0,1.0,-0.0,0.0,1.0,-0.6734789171220408,-0.20576622277401876,1.0,0.1460424851218882,0.7375,0.3844492440604753,0.0,1.0,0.0,0.0,0.0,1.0
2026-01-26 10:00:00,-6.1,87,-7.8,-10.7,0.0,0.0,0.0,0.15,3,1010.7,1008.8,100,11.0,284,0.0,0.0,0.0,0.0,7.42,7.48,9.0,low,0.0,0.0,0.0,9.166666666666666,1.7559422921420793,100.0,0.0,0.0,0.0,8.166666666666666,1.575648014839286,100.0,0.30000000000000004,0.30000000000000004,0.0,10.275,2.919254263428507,100.0,0.0,0.0,2.0,2.2000000000000455,-0.8999999999999995,-0.8999999999999995,-0.39999999999999947,1.7000000000000002,0.0,0.0,0.0,0.0,1.0,1.0,-0.0,0.0,1.0,-0.6178015971038344,-0.027733398254565222,1.0,0.17943444759138016,0.6299999999999999,0.33261339092872544,0.0,1.0,0.0,0.0,0.0,1.0
2026-01-26 11:00:00,-6.1,86,-8.0,-11.2,0.0,0.0,0.0,0.15,3,1010.9,1009.0,100,13.9,289,0.0,0.0,0.0,0.0,7.5,7.87,9.0,low,0.0,0.0,0.0,11.299999999999999,2.4637369989509588,100.0,0.0,0.0,0.0,9.35,2.6463181970428806,100.0,0.2,0.2,0.0,10.241666666666665,2.871001831269283,100.0,0.0,0.0,1.1000000000000227,2.199999999999932,-0.5,-0.8999999999999995,-1.6999999999999993,1.9000000000000004,0.0,0.0,0.0,0.0,1.0,1.0,-0.0,0.0,1.0,-0.5240292686521189,0.028202122584021393,1.0,0.19705144969743618,0.5325,0.3153347732181426,0.0,1.0,0.0,0.0,0.0,1.0
2026-01-26 12:00:00,-5.2,81,-8.0,-11.0,0.0,0.0,0.0,0.15,3,1010.2,1008.3,95,18.6,297,0.0,0.0,0.0,0.0,7.84,8.63,8.97,low,0.0,0.0,0.0,14.5,3.835361782153013,98.33333333333333,0.0,0.0,0.0,11.200000000000001,4.395907187373299,99.16666666666667,0.0,0.0,0.0,10.591666666666667,3.5900008440954605,99.58333333333333,0.09999999999990905,0.0,-0.09999999999990905,1.5,0.5999999999999996,0.0,-0.7999999999999998,2.8,0.0,0.0,0.0,0.0,1.0,1.0,-0.0,0.0,1.0,-0.3833707759745454,0.28224274663531423,1.0,0.25041754889828644,0.3424999999999998,0.24838012958963251,0.0,1.0,1.0,1.0,0.0,1.0
2026-01-26 13:00:00,-4.8,77,-8.1,-10.7,0.0,0.0,0.0,0.15,3,1009.6,1007.7,100,19.3,294,0.0,0.0,0.0,0.0,7.93,8.13,8.97,low,0.0,0.0,0.0,17.266666666666666,2.9365512652316,98.33333333333333,0.0,0.0,0.0,13.216666666666667,4.936159100623361,99.16666666666667,0.0,0.0,0.0,11.0,4.275724287394854,99.58333333333333,1.1000000000000227,0.0,-1.1000000000000227,0.8999999999999773,1.2999999999999998,0.40000000000000036,0.20000000000000018,3.3,0.0,0.0,0.0,0.0,1.0,1.0,-0.0,0.0,1.0,-0.2617597875137267,0.3450867855070275,1.0,0.27172906193350804,0.4674999999999998,0.22894168466522724,1.0,1.0,0.0,0.0,0.0,1.0
2026-01-26 14:00:00,-4.2,75,-8.1,-10.4,0.0,0.0,0.0,0.15,3,1009.4,1007.5,99,20.8,290,0.0,0.0,0.0,0.0,7.7,7.14,8.96,low,0.0,0.0,0.0,19.566666666666666,1.1239810200058296,98.0,0.0,0.0,0.0,15.433333333333332,4.840936548506577,99.0,0.0,0.0,0.0,11.725000000000001,5.1312102063566085,99.5,1.5,0.39999999999997726,-1.5,-0.39999999999997726,1.8999999999999995,1.3999999999999995,1.5,3.8999999999999995,0.0,0.0,0.0,0.0,1.0,1.0,-0.0,0.0,1.0,-0.13348518081942368,0.17795552588998545,1.0,0.2572473559390308,0.7150000000000001,0.28077753779697634,0.0,1.0,0.0,0.0,0.0,1.0
2026-01-26 15:00:00,-4.1,72,-8.4,-10.5,0.0,0.0,0.0,0.15,2,1009.1,1007.2,63,22.3,291,0.0,0.0,0.0,0.0,7.56,7.34,8.74,low,0.0,0.0,0.0,20.8,1.5000000000000095,87.33333333333333,0.0,0.0,0.0,17.650000000000002,4.3233089179469975,92.83333333333333,0.0,0.0,0.0,12.774999999999999,5.9093339110873835,96.41666666666667,1.1000000000000227,1.1999999999999318,-1.1000000000000227,-1.1999999999999318,1.1000000000000005,1.7000000000000002,1.1000000000000005,4.300000000000001,0.0,0.0,0.0,0.0,1.0,1.0,-0.0,0.0,1.0,-0.024920423268681352,0.0752142872246144,1.0,0.2511203495666598,0.665,0.35853131749460043,0.0,1.0,0.0,0.0,0.0,1.0
2026-01-26 16:00:00,-4.4,70,-9.0,-10.6,0.0,0.0,0.0,0.14,2,1009.8,1007.9,50,20.8,289,0.0,0.0,0.0,0.0,7.11,6.99,8.43,low,0.0,0.0,0.0,21.3,0.8660254037844576,70.66666666666667,0.0,0.0,0.0,19.283333333333335,2.9376294297726955,84.5,0.0,0.0,0.0,13.725000000000001,6.225333141870623,92.25,0.0,0.900000000000091,0.1999999999999318,-0.900000000000091,0.39999999999999947,1.6999999999999993,0.7999999999999998,4.6,0.0,0.0,0.0,0.0,1.0,1.0,-0.0,0.0,1.0,-0.023324770099523662,-0.2530278720862956,1.0,0.19929352127719457,0.7525,0.5226781857451407,0.0,1.0,0.0,0.0,0.0,1.0
2026-01-26 17:00:00,-5.1,70,-9.8,-11.5,0.0,0.0,0.0,0.14,0,1010.4,1008.5,11,21.8,291,0.0,0.0,0.0,0.0,7.2,6.94,7.89,low,0.0,0.0,0.0,21.633333333333336,0.7637626158259966,41.333333333333336,0.0,0.0,0.0,20.6,1.4212670403551717,69.66666666666667,0.0,0.0,0.0,14.975000000000001,6.21437117421458,84.83333333333333,0.0,0.5,1.0,-0.5,-0.8999999999999995,1.0,0.10000000000000053,4.700000000000001,0.0,0.0,0.0,0.0,1.0,1.0,-0.0,0.0,1.0,-0.0358491588612478,-0.19278200584749283,1.0,0.20766324616106058,0.7649999999999999,0.6198704103671707,0.0,1.0,0.0,0.0,0.0,0.0
2026-01-26 18:00:00,-5.8,69,-10.6,-12.5,0.0,0.0,0.0,0.14,1,1011.7,1009.8,32,23.2,295,0.0,0.0,0.0,0.0,7.46,7.18,7.5,low,0.0,0.0,0.0,21.933333333333337,1.2055427546683573,31.0,0.0,0.0,0.0,21.366666666666664,1.3662601021279204,59.166666666666664,0.0,0.0,0.0,16.283333333333335,6.149919930496262,79.16666666666667,0.0,0.0,2.6000000000000227,1.5,-1.7000000000000002,-0.5999999999999996,-0.5999999999999996,4.8,0.0,0.0,0.0,0.0,1.0,1.0,-0.0,0.0,1.0,-0.05663281902559855,0.0043194760380733666,1.0,0.23693198587071684,0.7050000000000001,0.6479481641468681,0.0,1.0,0.0,0.0,0.0,0.0
2026-01-26 19:00:00,-6.2,69,-10.9,-12.9,0.0,0.0,0.0,0.14,3,1013.1,1011.2,97,22.9,295,0.0,0.0,0.0,0.0,7.38,6.92,7.48,low,0.0,0.0,0.0,22.633333333333336,0.737111479583231,46.666666666666664,0.0,0.0,0.0,21.96666666666667,1.0250203250016952,58.666666666666664,0.0,0.0,0.0,17.59166666666667,5.69504702404296,78.91666666666667,0.0,0.0,3.300000000000068,3.5,-1.7999999999999998,-1.4000000000000004,-1.0,4.7,0.0,0.0,0.0,0.0,1.0,1.0,-0.0,0.0,1.0,-0.025863773752379388,-0.058152392939185435,1.0,0.22991412306096665,0.77,0.6695464362850974,0.0,1.0,0.0,0.0,0.0,0.0
2026-01-26 20:00:00,-6.5,64,-12.2,-13.6,0.0,0.0,0.0,0.14,2,1013.7,1011.8,51,25.2,292,0.0,0.0,0.0,0.0,7.41,7.21,7.19,low,0.0,0.0,0.0,23.766666666666666,1.250333288900761,60.0,0.0,0.0,0.0,22.7,1.4913081505845458,50.666666666666664,0.0,0.0,0.0,19.066666666666666,5.105315115077852,74.83333333333333,0.0,0.0,3.300000000000068,4.300000000000068,-1.4000000000000004,-2.3,-0.9000000000000004,5.699999999999999,0.0,0.0,0.0,0.0,1.0,1.0,-0.0,0.0,1.0,0.023952775737594384,-0.03458397916079013,1.0,0.23829974902496515,0.6975,0.7257019438444923,0.0,1.0,0.0,0.0,0.0,0.0
2026-01-26 21:00:00,-7.2,63,-13.1,-14.0,0.0,0.0,0.0,0.14,2,1014.6,1012.6,55,22.8,291,0.0,0.0,0.0,0.0,7.44,7.26,7.14,low,0.0,0.0,0.0,23.633333333333336,1.3576941236277749,67.66666666666667,0.0,0.0,0.0,22.78333333333333,1.4784000360750005,49.333333333333336,0.0,0.0,0.0,20.21666666666667,4.083633260475351,71.08333333333333,0.0,0.0,2.8999999999999773,5.5,-1.4000000000000004,-3.1000000000000005,-1.4000000000000004,5.8999999999999995,0.0,0.0,0.0,0.0,1.0,1.0,-0.0,0.0,1.0,0.0180920052093623,-0.01672455641238161,1.0,0.2405802309814564,0.685,0.7300215982721383,0.0,1.0,0.0,0.0,0.0,0.0
2026-01-26 22:00:00,-7.4,61,-13.6,-14.6,0.0,0.0,0.0,0.14,1,1015.8,1013.8,30,25.5,298,0.0,0.0,0.0,0.0,7.42,7.33,7.02,low,0.0,0.0,0.0,24.5,1.479864858694897,45.333333333333336,0.0,0.0,0.0,23.566666666666666,1.4624180888742269,46.0,0.0,0.0,0.0,21.425,3.1461737223028576,65.25,0.0,0.0,2.699999999999932,6.0,-1.2000000000000002,-3.0,-1.3000000000000007,6.199999999999999,0.0,0.0,0.0,0.0,1.0,1.0,-0.0,0.0,1.0,0.05618701364287168,-0.027304406483154263,1.0,0.24246363191595102,0.6675,0.7602591792656589,0.0,1.0,0.0,0.0,0.0,0.0
2026-01-26 23:00:00,-8.1,61,-14.2,-15.0,0.0,0.0,0.0,0.14,0,1016.9,1014.9,1,23.3,301,0.0,0.0,0.0,0.0,7.5,7.31,6.96,low,0.0,0.0,0.0,23.866666666666664,1.4364307617610377,28.666666666666668,0.0,0.0,0.0,23.816666666666666,1.2056809970579034,44.333333333333336,0.0,0.0,0.0,22.208333333333332,2.0978163249753896,57.0,0.0,0.0,3.199999999999932,6.5,-1.5999999999999996,-3.0,-2.0,6.1,0.0,0.0,0.0,0.0,1.0,1.0,-0.0,0.0,1.0,0.028348353633768447,0.02727613767829244,1.0,0.248505678278517,0.6725000000000001,0.7559395248380129,0.0,1.0,0.0,0.0,0.0,0.0
