id,B_confidence,y_correct,truncated,text_length
H00608,0.6634649038314819,1,0,402
A01772,0.999128520488739,1,0,234
A01371,0.9992352724075316,1,0,158
A01588,0.9751826971769332,0,0,275
A01842,0.9848266998305916,0,0,487
A01766,0.9937813878059388,1,0,239
A01150,0.9734711647033693,0,0,126
H00066,0.999660079163732,1,0,290
H00737,0.9639348238706588,1,0,164
A01777,0.9991440773010254,1,0,203
A01410,0.9134564995765686,0,0,127
H00501,0.9156092256307602,1,0,399
H00850,0.9979313290677964,1,1,694
A01081,0.9982193112373352,1,0,481
H00688,0.9974853068124504,1,0,321
A01040,0.6775428354740143,0,0,244
H00059,0.9995300990121904,1,0,232
H00440,0.8867669403553009,1,1,3510
H00713,0.9322461485862732,1,0,245
H00887,0.9996642890619114,1,0,236
A01463,0.998292678152211,0,0,415
A01003,0.9121795892715454,1,0,123
A01644,0.8680850863456726,0,0,442
H00345,0.9882721304893494,0,0,257
A01686,0.7069224417209625,0,0,449
H00978,0.949394941329956,0,0,229
A01697,0.9997551504930016,0,0,498
A01058,0.9991599431959912,0,0,53
A01160,0.9561783149838448,0,0,352
H00280,0.9788894560188056,1,0,344
A01939,0.9973523616790771,1,0,70
H00829,0.993417971301824,1,1,517
A01401,0.9736574292182922,1,0,193
A01960,0.9997416613041424,0,0,489
A01873,0.9997509487147908,0,0,300
A01741,0.9877402186393738,1,0,247
A01075,0.9990455508232116,1,0,370
H00422,0.9771363586187364,1,0,480
A01247,0.9991649389266968,1,0,138
H00560,0.717356950044632,1,0,309
H00738,0.973217384889722,1,0,161
A01851,0.999736372876214,0,0,475
H00888,0.9503659009933472,0,0,216
A01138,0.9756843447685242,1,0,298
H00401,0.9789677392691374,1,0,275
A01130,0.9609178230166436,0,0,264
A01925,0.9259621500968932,1,0,141
H00722,0.9762781709432602,1,0,240
H00265,0.995599627494812,0,0,406
H00558,0.9771037697792052,0,0,364
H00693,0.9997187274857424,1,0,247
H00025,0.9995451673457864,1,0,336
H00418,0.9994903902406804,1,0,340
A01735,0.9992237091064452,1,0,322
H00433,0.9997246232524049,1,0,512
H00852,0.999438980827108,1,0,176
A01163,0.6544497609138489,0,0,292
H00767,0.9996305366803426,1,0,503
A01221,0.901421308517456,1,1,525
A01095,0.8966318070888519,0,0,172
H00024,0.974544307217002,1,0,306
H00845,0.9996485208394006,1,1,813
A01402,0.911166489124298,1,0,240
H00089,0.9972906687762588,1,1,513
A01510,0.9479879066348076,0,0,366
A01594,0.9991920590400696,1,0,395
A01608,0.9984984397888184,1,0,433
A01792,0.9996632501715794,0,0,480
A01172,0.999113142490387,1,0,254
A01948,0.9997250477026682,0,0,319
H00163,0.999392904166598,1,1,911
H00111,0.9995597757806536,1,0,236
A01665,0.9650810360908508,1,0,178
H00380,0.9997228006541264,1,0,288
H00375,0.992015054449439,1,0,302
H00540,0.9991863369941713,0,0,280
A01436,0.939624547958374,1,0,406
A01526,0.983452744781971,0,1,526
A01883,0.9945798311382532,0,0,81
A01629,0.992919385433197,1,0,451
H00776,0.9994035751442424,1,0,303
H00050,0.9995416377205402,1,0,287
H00518,0.895809955894947,1,1,530
A01377,0.9991193413734436,1,0,187
A01089,0.9629269987344742,0,0,219
A01239,0.9982728958129884,1,0,134
A01476,0.8421246409416199,1,0,335
H00497,0.9943024162203074,1,0,493
A01176,0.9994828567141668,0,0,169
H00239,0.9825118780136108,0,0,310
H00948,0.9992677224217914,1,0,225
A01947,0.999216079711914,1,0,163
H00660,0.9658359512686728,1,0,162
H00006,0.9877791805192828,1,0,301
A01432,0.9810177087783812,1,0,309
A01317,0.9994802799192256,0,0,482
H00101,0.9997181962826288,1,0,168
A01860,0.9997310949547682,0,0,181
A01662,0.9603375010192394,0,0,409
H00081,0.9993565217009746,1,0,373
A01355,0.9989160299301147,1,0,138
A01951,0.9991957545280457,1,0,155
A01600,0.9801310896873474,1,0,358
H00123,0.9996267878159416,1,0,353
H00404,0.9997125079971738,1,0,382
A01846,0.9997108432871756,0,0,212
H00122,0.9886169116944076,1,0,197
H00274,0.9887885143980384,1,0,288
H00498,0.9995665780443233,1,0,400
H00286,0.9214896038174628,1,1,931
A01035,0.9197839498519896,1,0,362
A01143,0.9964243769645692,1,0,217
H00112,0.9995683773595374,1,0,273
H00663,0.9997198734781704,1,0,234
H00029,0.9988653068430722,1,0,320
H00106,0.9942459440790116,1,0,280
A01586,0.8083108514547348,0,0,261
H00357,0.9100031852722168,0,0,235
A01661,0.6774938702583313,0,0,252
A01200,0.998148389859125,0,0,345
H00356,0.9851413145661354,1,1,523
H00162,0.99960911393282,1,1,549
A01734,0.9992374181747437,1,0,255
A01976,0.9946475019678472,0,0,135
H00102,0.9995712734526024,1,0,404
H00623,0.997377872467041,0,0,324
H00999,0.9976424814667552,1,0,230
H00995,0.9240028560161592,1,0,348
A01807,0.675642728805542,0,0,477
A01271,0.9987016253871844,0,0,460
A01719,0.9958221912384032,1,0,321
A01251,0.9936612844467164,1,0,282
H00582,0.7091589868068695,1,1,563
H00082,0.999567891965853,1,0,219
A01205,0.9911740245297552,0,1,520
H00207,0.9865969708189368,1,1,1902
H00731,0.9914050800725818,1,1,793
H00555,0.9733707886189222,1,1,544
A01494,0.9883344117552042,0,1,527
A01531,0.663206547498703,0,0,384
A01773,0.995915949344635,1,0,219
H00156,0.97977483458817,1,0,298
A01162,0.9947402928955852,0,0,155
H00514,0.6066254675388336,1,1,846
H00378,0.999346157652326,1,1,536
H00248,0.9936678623780608,1,1,772
A01372,0.998665452003479,1,0,91
A01598,0.9912614822387696,1,0,379
A01689,0.9997209019493312,0,0,391
A01755,0.9674144983291626,1,0,394
H00442,0.9988525984808804,1,0,308
A01574,0.9939285516738892,1,0,412
A01453,0.9995460321370048,0,0,423
A01225,0.8898613452911377,1,0,169
A01915,0.9290496706962584,1,0,193
A01361,0.9992338418960572,1,0,109
A01787,0.9992363452911376,1,0,274
A01303,0.7451049983501434,0,0,490
H00750,0.999083505535964,1,0,280
A01611,0.991305649280548,1,0,387
H00212,0.988972538150847,1,0,385
H00727,0.9997075568244328,1,0,237
H00884,0.9915805598720908,1,0,305
A01853,0.999735522957053,0,0,74
H00387,0.9997514843125828,1,1,1393
A01241,0.999616881919792,0,0,180
A01477,0.9866747781634332,0,0,476
A01050,0.9878750443458556,1,0,472
A01887,0.7358963489532471,1,0,160
H00914,0.676933616399765,1,0,288
H00457,0.9977425502147526,1,0,313
H00584,0.5985954403877258,1,0,462
H00742,0.9965431205928326,1,0,271
A01330,0.9989097118377686,1,0,489
A01029,0.9985230565071106,1,0,435
A01337,0.9992176294326782,1,0,491
A01393,0.5205155611038208,0,0,201
A01905,0.999665544833988,0,0,351
H00148,0.9971116429660468,1,0,258
H00900,0.9960465575568378,1,0,254
A01385,0.869069054722786,0,0,244
H00007,0.9992455113097094,1,0,388
H00227,0.988646911457181,1,1,657
H00311,0.986731014214456,1,1,955
A01871,0.999750618910184,0,0,206
H00729,0.9988455770071596,1,0,251
H00869,0.9586664959788322,1,0,254
A01125,0.9959291429258884,0,0,484
A01902,0.9991211295127868,1,0,387
A01517,0.99964427476516,0,1,515
A01648,0.9869503378868104,1,0,445
A01676,0.9990313888411038,0,0,414
A01919,0.9997532296401914,0,0,382
H00020,0.9995457752374932,1,0,227
A01383,0.9968847632408142,1,0,168
H00456,0.9995437645702624,1,0,316
A01399,0.9889609217643738,1,0,233
H00140,0.9856141498312354,1,0,315
A01923,0.999741027248092,0,0,302
A01965,0.9996689995168708,0,0,456
H00701,0.9910159735009074,1,0,185
H00967,0.9505964517593384,0,0,336
A01943,0.9985546469688416,1,0,97
A01596,0.9992294311523438,1,0,391
A01870,0.9782504849135876,0,0,486
A01127,0.74372598528862,0,0,310
A01857,0.999742504733149,0,0,139
H00904,0.997774523915723,1,0,302
H00085,0.9786205794662236,1,0,239
H00983,0.99968662505853,1,0,279
H00553,0.9752143155783416,1,0,381
A01776,0.8632044643163681,0,0,231
H00222,0.9994371895445512,1,0,300
H00726,0.9996626856154762,1,0,157
H00079,0.9994213368627244,1,0,223
A01620,0.8315347582101822,0,0,209
A01863,0.9992185831069946,1,0,482
H00569,0.9925553202629088,0,0,362
H00867,0.9987063653534278,1,1,954
H00324,0.8174194693565369,0,0,374
A01488,0.9971011281013488,1,0,361
A01064,0.9992092847824096,1,0,389
H00534,0.9478109590709208,1,1,617
A01606,0.9983698725700378,1,0,439
H00461,0.9858489502221346,1,0,336
H00279,0.9681587815284728,0,0,279
H00359,0.8632021993398666,1,0,431
A01765,0.9761312007904052,1,0,62
H00959,0.9608281254768372,0,0,277
A01994,0.7572069019079208,0,0,488
H00580,0.9810870289802552,0,0,316
H00679,0.998127073631622,1,0,178
A01928,0.9997333142382558,0,0,482
H00360,0.8194152116775513,1,0,450
H00005,0.9953782865777612,1,0,356
A01565,0.8992578387260437,1,0,80
A01811,0.9997196909680496,0,0,481
A01557,0.9984809756278992,1,0,436
A01571,0.9911461276933552,0,0,175
H00644,0.8513748794794083,1,0,197
A01015,0.9992371797561646,1,0,265
A01455,0.9984904527664183,1,0,170
A01240,0.8289775103330612,0,0,67
H00047,0.9997087865776848,1,0,279
H00577,0.9989746809005736,0,0,295
A01113,0.9795614052563906,0,0,350
H00423,0.9893617862835526,1,0,293
H00149,0.8459710031747818,1,0,288
H00160,0.9790217876434326,0,0,243
H00147,0.6905288100242615,1,0,472
H00240,0.9423209428787231,0,0,218
A01106,0.9988179802894592,1,0,244
H00080,0.9981692794244736,1,0,248
A01206,0.9700408577919006,1,0,341
A01046,0.9977116584777832,1,0,510
H00098,0.9995192121714354,1,0,327
H00129,0.9992424677475356,1,0,462
A01008,0.8940959647297859,0,0,102
H00672,0.9970659497193992,1,0,201
H00797,0.9605116210877896,1,0,105
H00717,0.9997457810677588,1,0,205
A01680,0.9969882864970714,0,0,484
A01633,0.99974694402772,0,0,442
A01191,0.9991950392723083,1,0,370
H00947,0.9682296514511108,0,0,270
A01055,0.9981681071221828,0,0,266
A01604,0.99458909034729,1,0,382
H00451,0.953740991652012,1,0,348
A01542,0.9972335696220398,1,0,396
A01730,0.9991855025291444,1,0,261
H00001,0.9884653175249696,1,0,332
H00342,0.9964797995053232,1,0,400
A01004,0.9471675157546996,1,0,143
A01564,0.9953724900260568,0,0,237
A01966,0.9992115497589112,1,0,282
A01182,0.9996967072365806,0,0,208
A01011,0.9991288781166076,1,0,283
A01084,0.9981935620307922,1,0,511
H00563,0.823699340224266,1,0,365
H00216,0.9970245570875704,1,1,632
H00620,0.8552360832691193,1,1,1243
A01370,0.999107301235199,1,0,115
H00002,0.9996850366587752,1,0,220
A01124,0.999300915398635,0,0,278
H00886,0.9853785187005996,1,0,215
A01950,0.9989293217658995,1,0,155
A01333,0.9992111921310424,1,0,489
H00643,0.95948725938797,0,0,167
A01874,0.999750398885226,0,0,510
H00344,0.9614732451736928,1,0,352
A01524,0.9980385429225862,0,0,506
A01492,0.6823096871376038,0,1,529
A01888,0.996455004438758,0,0,121
H00491,0.9598888009786606,1,0,265
H00142,0.9995669472264126,1,1,571
H00041,0.9988284213468432,1,0,232
A01428,0.999220848083496,1,0,118
H00777,0.9968084392603488,1,0,45
H00189,0.7398680150508881,1,0,220
H00839,0.9760009162127972,1,0,209
A01723,0.9992361068725586,1,0,191
H00955,0.9951097564771773,1,0,203
H00176,0.972145676612854,0,0,286
A01865,0.999739400227554,0,0,443
A01993,0.9992321729660034,1,0,288
H00537,0.9983272115932778,1,0,338
A01514,0.7006809711456299,0,0,424
A01154,0.9977442026138306,1,0,127
H00800,0.6811312735080719,1,0,354
A01941,0.9989180564880372,1,0,128
A01817,0.93489158898592,0,0,488
H00539,0.9981058835983276,0,0,330
A01467,0.995204210281372,1,0,480
H00355,0.9678475856781006,0,0,212
A01705,0.9896935625001788,0,0,164
H00943,0.9880061727017164,1,0,216
H00341,0.5895293354988098,1,0,412
H00021,0.9995757410652004,1,0,403
H00925,0.9874138962477446,1,0,240
H00417,0.9996308971312828,1,0,302
H00069,0.9994715100619942,1,0,244
A01519,0.9996810260927304,0,1,521
A01262,0.6719553768634796,0,0,347
H00958,0.9355773031711578,1,0,228
A01313,0.9865968385711312,0,0,131
H00637,0.9997049323574174,1,0,229
H00574,0.8506500720977783,1,1,532
H00399,0.9899139320477844,1,0,371
H00718,0.9981171374674886,1,0,269
H00924,0.9996556975238492,1,0,284
H00462,0.9996916848467664,1,0,312
A01916,0.9997531444532796,0,1,767
A01561,0.9698838591575624,1,0,298
A01711,0.9756321050226688,0,0,146
A01975,0.987558364868164,1,0,111
H00875,0.9989057807251812,1,0,447
A01324,0.9837207794189452,1,0,481
A01957,0.9979625940322876,1,0,449
A01549,0.9831847529858352,0,0,405
A01223,0.9914012551307678,1,0,216
A01840,0.8431989848613739,0,0,483
A01496,0.9986203595763072,0,0,247
A01103,0.9969017505645752,1,0,152
A01047,0.996956706047058,1,0,426
A01581,0.9932437539100648,1,0,371
H00524,0.998359739780426,0,0,361
A01779,0.999218225479126,1,0,240
A01295,0.9940780401229858,1,0,487
A01493,0.8836278915405273,0,0,464
H00694,0.9996846325520892,1,0,177
A01847,0.9994202774832956,0,0,479
H00594,0.9988248944282532,0,0,302
H00437,0.9856583531945944,1,0,316
H00530,0.9990025162696838,0,0,324
A01128,0.8927185609936714,0,1,516
H00394,0.9994443024042994,1,0,334
A01507,0.6939159631729126,0,0,404
A01132,0.997645914554596,1,0,340
H00819,0.9983039747457952,1,0,87
H00987,0.9991581285139546,1,0,214
H00897,0.9740705490112304,0,0,264
H00859,0.999731477466412,1,0,299
H00689,0.998050304595381,1,0,199
A01803,0.7874224036931992,0,0,472
A01136,0.9785890709608792,0,0,304
H00455,0.9995173548231832,1,0,318
H00233,0.9979319048579782,1,1,1053
A01120,0.7447804808616638,0,0,455
H00452,0.9797891117632388,1,0,342
H00487,0.9262472689151764,1,0,377
A01969,0.9990529417991638,1,0,490
H00347,0.988738276064396,1,1,894
A01277,0.9992029253044166,0,0,445
H00545,0.9938902077265084,1,1,550
A01567,0.9070103764533995,1,0,180
A01227,0.9978896975517272,1,0,249
H00095,0.999712821940193,1,0,234
A01797,0.9826889000833036,0,0,235
H00313,0.980296714231372,1,1,586
A01898,0.9992386102676392,1,0,116
A01110,0.9304108023643494,1,0,350
A01367,0.9992148876190186,1,0,130
H00647,0.9797789454460144,1,0,208
H00411,0.9960931022651494,1,0,402
H00197,0.9771176055073738,1,0,260
A01052,0.6578167676925659,0,1,520
A01781,0.998030722141266,1,0,443
H00466,0.998844888410531,1,0,284
H00063,0.9996906979649792,1,0,223
A01043,0.9767569713294506,0,0,393
A01636,0.9996937125106342,0,0,160
H00945,0.99116216506809,1,0,210
A01826,0.9966661618091166,0,0,471
A01345,0.9962342381477356,1,0,452
A01056,0.977710599079728,0,0,127
A01740,0.6924928724765778,0,0,216
A01761,0.97997254319489,0,0,404
H00547,0.6915238499641418,1,0,331
H00128,0.9204912781715392,0,0,330
H00851,0.9996619672747328,1,1,613
A01319,0.9983118772506714,1,0,483
A01839,0.6631820201873779,0,0,477
H00806,0.9923689858987929,1,0,430
A01893,0.9993035228690132,0,0,171
H00830,0.9783551767468452,1,0,211
A01820,0.9997478159202728,0,0,480
A01198,0.9922208334319292,0,1,523
H00372,0.9950462579727172,0,0,376
H00941,0.9997334281215444,1,0,278
H00115,0.9995579381356948,1,0,289
H00871,0.9975855988450348,1,1,532
H00917,0.9897332238033414,1,0,247
A01429,0.991101622581482,1,0,167
H00276,0.9795716404914856,0,0,319
H00488,0.9776008464396,1,0,410
A01980,0.9798100162297488,0,0,488
H00968,0.8045060187578201,1,0,276
A01987,0.9992425441741944,1,0,277
A01523,0.994333064649254,0,1,527
A01057,0.9774506092071532,1,0,107
A01968,0.9991154074668884,1,0,166
H00096,0.999696501006838,1,0,226
H00889,0.8429957330226898,1,0,191
H00508,0.8999292179942131,1,0,386
H00975,0.8167480975389481,1,0,217
A01178,0.9747164081782104,0,0,349
A01437,0.9755710959434508,1,0,422
H00316,0.9939507492817938,1,1,596
H00458,0.9797604978084564,1,0,305
H00136,0.8312023729085922,1,1,543
A01961,0.9992377758026124,1,0,334
H00502,0.9672543406486512,0,0,333
A01613,0.8583305478096008,1,0,407
A01810,0.9996387118299026,0,0,151
A01845,0.9976472328417004,0,0,498
A01207,0.9972643931396306,0,0,311
H00619,0.94748717546463,0,0,329
H00052,0.9996525636524892,1,0,264
A01279,0.99962387123378,0,0,483
A01899,0.9992308616638184,1,0,112
A01212,0.8715659379959106,1,0,255
A01067,0.9989000558853148,1,0,433
H00241,0.8801221922039986,1,1,1428
A01149,0.9964912487193942,0,0,230
H00327,0.9952624798752367,1,1,986
H00809,0.9803333878517152,0,0,134
H00014,0.9995578163361644,1,0,291
A01578,0.9989810585975648,1,0,270
A01119,0.949234627187252,0,0,485
H00505,0.9996815650956704,1,0,258
A01986,0.9472133666276932,0,0,176
A01921,0.815925344824791,0,0,252
H00114,0.999583981873002,1,0,270
A01995,0.994564123917371,0,0,155
H00535,0.9866565465927124,0,0,341
A01512,0.9863005839288236,0,0,420
H00893,0.9711544420570136,1,0,232
A01030,0.9989169836044312,1,0,355
A01760,0.670680969953537,0,0,58
H00989,0.6815454661846161,1,0,314
H00186,0.9955794215202332,0,0,235
H00157,0.9992855319287628,1,0,226
A01083,0.9900141954421996,1,0,401
A01405,0.9650290608406068,1,0,242
A01577,0.9990530610084534,1,0,329
H00778,0.9584323689341544,1,0,222
A01599,0.956658124923706,1,0,422
A01292,0.9711634516716005,1,0,484
H00308,0.9993962135049514,1,0,446
A01243,0.9992365837097168,1,0,219
A01623,0.964715588837862,0,0,444
A01487,0.8959539532661438,1,0,451
H00389,0.9996298301557544,1,0,295
A01671,0.9431875832378864,0,0,363
A01425,0.997505247592926,1,0,209
H00374,0.9791644848883152,1,1,664
H00542,0.889033667743206,1,0,341
A01298,0.999376012769062,0,0,177
A01061,0.99831885099411,1,0,136
H00626,0.8853121548891068,1,0,222
H00801,0.999676163017284,1,0,195
A01746,0.9906489215791224,0,0,184
H00224,0.8070505261421204,1,1,535
A01469,0.9969384670257568,1,0,452
A01595,0.999128758907318,1,0,396
H00338,0.9938202956691384,1,1,543
H00468,0.997901439666748,1,0,369
A01706,0.9986435770988464,1,0,271
H00478,0.9859597589820625,1,0,309
A01789,0.9992291927337646,1,0,232
H00235,0.5266080498695374,0,0,271
H00295,0.9794130325317384,0,0,311
A01678,0.9502628594636916,0,0,452
H00110,0.9995134905038868,1,0,223
H00748,0.9734666924923658,1,0,364
A01012,0.9992244243621826,1,0,274
A01342,0.9823720175772904,0,0,488
H00016,0.9876959221437572,1,0,209
H00919,0.8430981636047363,1,0,227
H00554,0.9990490078926086,0,0,267
H00538,0.9911325573921204,0,0,403
A01238,0.944063525646925,0,0,79
H00208,0.9789749830961229,1,0,345
H00268,0.7686682641506195,1,0,403
A01190,0.9992213249206544,1,0,310
H00352,0.961667999625206,1,0,348
H00073,0.9996786556439474,1,0,359
H00301,0.9995914759638254,1,1,748
A01174,0.9767604470252992,1,1,541
H00141,0.9628254137933254,1,1,611
A01189,0.9992409944534302,1,0,288
H00277,0.9912254260852932,1,0,295
A01796,0.9997422443993856,0,0,319
H00320,0.9969522287137806,1,1,760
H00302,0.9907293682917953,1,0,226
A01102,0.9992302656173706,1,0,95
A01070,0.9968131184577942,1,1,522
A01718,0.9992293119430542,1,0,253
A01533,0.982139766216278,1,0,350
H00439,0.9850536864250898,1,0,411
A01156,0.9935719966888428,1,0,236
H00108,0.9996653403504752,1,0,190
A01570,0.9796171132475138,0,0,229
A01548,0.998873770236969,1,0,217
A01655,0.999645238276571,0,0,447
H00292,0.9693975448608398,0,0,285
H00639,0.997952394420281,1,0,179
H00617,0.8470271825790405,0,0,379
A01288,0.9921364430338144,0,0,51
H00469,0.9830870628356934,0,0,350
A01520,0.9965936909429728,0,0,469
H00984,0.8264153003692627,0,0,229
H00997,0.9995558019727468,1,0,326
H00048,0.9899253342300652,1,0,229
H00700,0.9995219003467356,1,0,270
H00549,0.9890639185905457,0,0,340
H00271,0.9894683109596372,1,0,470
H00402,0.9925386430695652,1,0,279
A01515,0.9788266960531472,0,0,312
H00716,0.999650880257832,1,0,172
A01558,0.9959348440170288,1,0,369
A01985,0.9920312901958824,0,0,136
H00892,0.9993375778431072,1,0,304
H00519,0.9822795540094376,1,1,522
H00749,0.6877785325050354,1,0,260
A01369,0.998016357421875,1,0,63
A01347,0.9955380419269204,0,0,292
A01087,0.999240517616272,1,0,464
H00927,0.9723577946424484,1,0,289
A01929,0.8935422897338867,1,0,411
H00264,0.7643387764692307,1,1,540
A01527,0.9994475529529154,0,0,481
A01538,0.9968588352203368,1,0,172
A01937,0.9672338515520096,0,0,80
H00802,0.99434970645234,1,0,324
A01421,0.8333022594451904,1,0,228
A01720,0.9992389678955078,1,0,260
A01486,0.8468087911605835,1,0,430
A01627,0.999079258821439,0,0,204
A01090,0.9992330971872434,0,0,151
A01360,0.9323226809501648,1,0,66
H00635,0.9993230361724272,1,0,504
H00922,0.7370734214782715,1,0,335
A01856,0.6686121225357056,0,0,485
H00032,0.9985271136974916,1,0,251
A01311,0.9868477508425711,0,0,480
H00309,0.9965084493160248,1,1,516
A01729,0.9991453886032104,1,0,290
A01133,0.9989428968401626,0,0,259
H00638,0.9935835902579128,1,0,203
A01829,0.9962569146882744,0,0,493
A01945,0.9854810833930968,1,0,74
A01733,0.9985515475273132,1,0,180
H00970,0.9913737876340748,1,0,218
A01895,0.999606861238135,0,0,224
A01175,0.9350724443793296,0,1,552
H00234,0.9918212890625,0,0,211
A01152,0.9994229921139776,0,0,309
H00818,0.9981381390243768,1,1,811
A01135,0.8886892795562744,1,0,244
A01663,0.7423338294029236,0,0,387
H00669,0.8379096537828445,1,0,176
A01982,0.9992334842681884,1,0,429
A01249,0.9936475157737732,1,0,246
H00121,0.9996479408582672,1,0,320
H00697,0.9996744105301332,1,0,213
A01954,0.9992096424102784,1,0,100
H00419,0.999658361193724,1,0,324
A01716,0.9992398023605348,1,0,221
A01299,0.6879557371139526,1,0,160
H00460,0.9985810545040296,1,1,669
H00315,0.9829682596027852,1,0,487
A01121,0.6129254102706909,0,0,215
H00413,0.9996593888499774,1,0,351
H00600,0.9789346754550934,1,0,338
H00687,0.9994787660543808,1,0,181
A01612,0.9975870847702026,1,0,432
A01591,0.998921275138855,1,0,328
H00167,0.6933567821979523,1,0,320
A01158,0.96129097789526,0,1,527
H00335,0.9996825408597942,1,1,833
H00562,0.8844115138053894,0,0,387
H00960,0.9993919985136016,1,0,304
H00008,0.999713798839366,1,0,302
H00028,0.9970266132149844,1,0,399
H00607,0.7573636174201965,0,0,284
A01804,0.9996939020056744,0,0,291
A01998,0.7782107442617416,0,0,123
H00231,0.6814562976360321,1,0,302
A01185,0.9858197961002588,0,0,141
H00137,0.9966618148609996,1,1,789
A01910,0.988602340221405,1,0,187
H00237,0.969602445140481,1,1,802
A01344,0.6929159760475159,0,0,488
A01532,0.9728039503097534,1,0,306
A01560,0.9992280006408693,1,0,414
A01049,0.9859252572059632,1,0,265
H00253,0.9866164848208429,1,1,635
H00646,0.981123059988022,1,0,172
H00503,0.9840612038969994,1,0,391
H00985,0.9919425146654248,1,0,265
A01572,0.9986435770988464,1,0,381
A01867,0.9996901451959276,0,0,100
A01841,0.988709568977356,0,0,478
H00446,0.9988893892150372,1,0,486
H00544,0.9932310376316308,1,1,564
A01261,0.9847593391314148,0,0,419
A01619,0.9690374843776226,0,0,459
H00616,0.9861422181129456,0,0,368
H00890,0.9997051030804868,1,1,635
H00592,0.8975372314453125,1,0,379
A01413,0.9880529642105104,1,0,110
H00170,0.9398015141487122,0,0,258
A01831,0.999740664527053,0,0,476
H00979,0.9984867837047204,1,0,373
H00739,0.9199718832969666,0,0,219
A01546,0.9535298347473145,1,0,314
H00969,0.8811740949749947,1,0,241
A01082,0.9980549812316896,1,1,522
A01786,0.9942112565040588,1,0,412
A01265,0.999584445002256,0,0,268
H00289,0.997721676947549,1,1,712
H00706,0.99650295288302,1,0,264
A01609,0.9992294311523438,1,0,412
H00536,0.8717250227928162,0,0,274
H00711,0.963610514998436,1,0,186
H00780,0.9664461351931096,1,0,258
H00723,0.9997163798834664,1,0,213
H00848,0.9996031723276246,1,1,601
A01707,0.9276475608348846,0,0,165
H00705,0.9751020334661008,1,0,191
A01843,0.9979953200090677,0,0,100
H00454,0.99958154396154,1,1,1119
H00083,0.9992642123252152,1,0,284
H00708,0.9781913198530674,1,0,215
A01906,0.9939965466037392,0,0,344
A01439,0.9965194463729858,1,0,309
A01808,0.983435183763504,0,0,469
A01348,0.7209976315498352,0,0,490
A01737,0.9205761551856996,0,0,192
A01260,0.9990150928497314,1,0,360
A01727,0.9992064833641052,1,0,408
H00993,0.9996857061923948,1,0,394
H00435,0.9951289342716336,1,0,344
A01509,0.9985041618347168,1,0,429
H00155,0.9827802293002604,1,0,239
A01539,0.9991826415061952,1,0,437
H00810,0.9949849639087917,1,0,325
H00482,0.9993963824235834,1,0,313
A01818,0.99782395362854,1,0,481
H00752,0.8244593441486359,1,1,1123
A01614,0.9992237091064452,1,0,415
H00734,0.999615218344843,1,0,278
H00602,0.999169111251831,0,0,307
H00428,0.9986005891114472,1,0,297
H00966,0.9997513345151674,1,0,235
H00256,0.7433171570301056,1,0,442
A01652,0.998805805342272,0,0,437
A01199,0.9900943813845516,0,1,531
A01259,0.9977914094924928,1,1,531
A01375,0.9475817680358888,1,0,215
H00065,0.9996595635311678,1,0,389
H00134,0.9762612581253052,0,0,277
A01607,0.9840700794011354,0,0,387
H00485,0.9948564739897848,1,0,305
A01709,0.7602602243423462,1,0,171
H00578,0.9809250961989164,1,0,410
A01534,0.9804777503013612,1,0,287
A01310,0.9924579034559428,0,0,342
H00473,0.9869260899722576,1,0,239
A01118,0.9431414641439916,0,0,446
H00075,0.9995972921897192,1,0,239
A01322,0.9063489958643912,0,0,68
H00787,0.9783670753240584,1,0,197
H00425,0.9459105134010316,0,0,343
A01400,0.998381733894348,1,0,165
A01749,0.9986584186553956,1,0,448
H00649,0.9995990121678916,1,0,159
A01634,0.9224432110786438,1,0,162
H00331,0.9913785457611084,0,0,214
A01959,0.9991841912269592,1,0,337
A01366,0.997269093990326,1,0,105
A01339,0.98019590228796,0,0,255
A01296,0.9581552743911744,1,0,252
H00614,0.9982946331147105,1,0,392
A01293,0.988937777467072,0,0,487
H00463,0.9996912047790828,1,0,301
A01691,0.9992297887802124,1,0,483
A01418,0.9986248016357422,1,0,226
A01516,0.807649627327919,0,0,426
A01675,0.9997486028587446,0,0,463
A01880,0.9991004467010498,1,0,123
A01583,0.9754739999771118,1,0,359
H00575,0.7725967466831207,1,1,554
H00763,0.9992666658945382,1,1,767
A01637,0.996193792205304,0,0,462
A01992,0.9924524589441716,0,0,490
H00807,0.9963066326454282,1,0,239
A01203,0.9987963438034058,1,0,217
H00470,0.9980356227606536,1,0,301
H00523,0.8855137899518013,1,0,492
A01913,0.7981927394866943,1,0,269
H00392,0.9994705661665648,1,1,588
A01688,0.9958618879318236,1,0,449
H00477,0.9067262411117554,0,0,310
A01758,0.9919769931584596,0,0,144
H00199,0.9979044434148818,1,0,217
H00942,0.6737677752971649,1,0,273
A01576,0.9829668998718262,1,0,368
A01232,0.9951678984798492,0,0,286
A01589,0.6881754696369171,0,0,270
A01791,0.9962515034712852,0,0,338
A01881,0.6670202612876892,0,0,117
A01001,0.8335076868534088,0,0,119
H00218,0.9349949955940248,0,0,396
A01351,0.9993857107474468,0,0,489
A01387,0.9921856271103024,0,0,178
H00119,0.9992474285536446,1,0,355
H00226,0.9855713630095124,1,1,830
H00832,0.9988602880621328,1,0,491
H00606,0.634444385766983,1,0,400
A01357,0.9982545971870422,1,0,179
A01525,0.9708769787102938,0,1,542
H00854,0.9620043635368348,0,0,287
A01738,0.9991373787051998,0,0,179
A01971,0.9550857543945312,1,0,189
A01732,0.9958439469337464,1,0,358
H00396,0.9232722520828248,0,0,273
A01281,0.9990776777267456,1,0,486
H00951,0.7427542805671692,0,0,287
H00305,0.9547061920166016,0,0,166
A01447,0.966582428663969,0,0,115
H00190,0.98536925483495,1,0,405
A01266,0.7601848095655441,0,0,282
H00721,0.9993680450716056,1,0,170
H00843,0.9790118653327228,1,0,402
H00499,0.960729792714119,1,0,294
A01233,0.9966655182652177,0,0,107
H00898,0.9674420803785324,1,0,268
A01852,0.999733265634859,0,0,464
A01715,0.9992349147796632,1,0,260
A01388,0.9882259191945196,0,0,163
A01981,0.9988885521888732,1,0,394
A01875,0.9997227332787588,0,0,481
H00496,0.9960730844177306,1,0,443
A01449,0.9995877810870296,0,0,120
A01282,0.994117259979248,1,0,483
A01409,0.8242136538028717,0,0,101
H00527,0.9402180910110474,0,0,377
A01800,0.9997383984737098,0,0,492
A01624,0.9996032283524984,0,0,103
H00072,0.99970641368418,1,0,206
H00876,0.9762453641742468,1,0,257
H00622,0.9939830899238586,0,0,341
A01440,0.9987086912151426,0,0,142
H00912,0.9893175922334194,1,0,311
A01000,0.8964039087295532,1,0,144
A01356,0.7220472991466522,0,0,287
H00326,0.9871399998664856,0,0,231
H00517,0.9921981692314148,0,0,324
H00686,0.9978346962016076,1,0,208
H00427,0.9933799048885704,1,0,316
H00444,0.9955089851282536,1,0,361
A01491,0.9535903930664062,1,0,459
H00677,0.9993184226914308,1,0,162
H00353,0.9842890948057176,1,0,374
A01864,0.9411554224789144,0,0,484
H00629,0.9996065196755808,1,0,436
A01458,0.9278598055243492,0,0,342
A01438,0.993031084537506,1,0,246
A01114,0.9922306942753494,0,1,520
H00339,0.9939727187156676,0,0,359
H00944,0.9985465573845432,1,0,336
H00728,0.9633034467697144,0,0,209
A01442,0.9550114870071412,1,0,153
A01446,0.9979584217071532,1,0,107
H00702,0.980999743565917,1,0,176
H00981,0.999753875832539,1,0,285
H00492,0.6018592119216919,0,0,313
H00828,0.9996146096673328,1,1,991
A01850,0.9833460375666618,0,0,493
H00683,0.9949229289777576,1,0,171
A01602,0.9988013505935668,1,0,314
H00376,0.9996321827929932,1,1,528
A01593,0.993703067302704,1,0,422
A01338,0.9992347955703736,1,0,488
H00872,0.8963988348841667,1,0,180
H00481,0.9963793600909412,1,1,662
H00529,0.8424205929040909,1,0,374
A01861,0.9460886120796204,1,0,477
H00868,0.9989761434262618,1,1,861
H00923,0.7860852628946304,1,0,270
A01748,0.993266224861145,1,0,309
H00476,0.836694061756134,1,0,296
A01836,0.9943129178136588,0,0,482
H00757,0.9584903232753276,1,0,245
H00168,0.9831565022468568,0,0,279
A01701,0.7449780404567719,0,0,488
A01973,0.8407900780439377,0,0,219
A01744,0.8895105719566345,1,0,266
H00217,0.9791441559791564,0,0,270
H00154,0.9809693191200496,1,0,431
H00548,0.9752407912164928,1,0,313
A01093,0.9966435432434082,1,0,235
A01682,0.9924746155738832,1,0,449
A01541,0.9991163611412048,1,0,410
A01622,0.9808409716933966,0,0,431
H00982,0.9533647783100604,1,0,258
H00762,0.97317511215806,1,1,608
A01181,0.9982513837749138,0,0,164
A01907,0.9985800981521606,1,0,215
A01475,0.9877301687374712,0,0,374
A01642,0.7476896941661835,0,0,210
H00040,0.9994466678472236,1,0,271
A01016,0.991645872592926,1,1,524
H00566,0.9546629190444946,0,0,404
A01536,0.998028635745868,0,0,403
H00860,0.999752753705252,1,0,90
A01002,0.9982274174690248,1,0,136
A01884,0.9967622859403492,0,0,85
H00827,0.9990920735872352,1,0,360
H00214,0.9992593455244788,1,0,243
H00322,0.697891354560852,1,0,239
H00770,0.9997124161745888,1,0,444
A01242,0.9961888194084167,1,0,148
A01170,0.9957506656646729,1,0,242
H00753,0.9996294391457924,1,1,903
A01196,0.9989959597587584,1,0,326
H00150,0.98688549362123,1,0,342
A01849,0.999656740721548,0,0,481
H00938,0.7766236662864685,0,0,331
A01482,0.9993014022475109,0,0,423
A01129,0.9898184463381768,0,0,270
A01010,0.7851134389638901,0,0,172
H00933,0.9996234815043864,1,0,215
H00506,0.8597287088632584,1,0,356
H00972,0.9985031691612676,1,0,234
H00448,0.9763415213674308,1,0,335
A01280,0.9993495313683524,0,0,486
H00349,0.965945027768612,1,0,328
A01270,0.9683381170034407,0,0,468
H00145,0.9968332648277284,0,0,294
A01396,0.9176601767539978,1,0,313
A01063,0.7438157796859741,0,0,368
A01812,0.999718193867011,0,0,139
A01019,0.999233603477478,1,0,300
A01499,0.9973491730634124,0,0,417
H00174,0.9836999401450156,1,0,269
A01331,0.9995568036974872,0,0,482
A01294,0.6212543547153473,0,0,219
H00949,0.9996456611261236,1,0,334
H00480,0.9948682049289346,1,1,520
A01721,0.9957565665245056,1,0,438
H00795,0.9857758162543178,1,0,164
A01443,0.9937410214915872,0,0,141
H00632,0.9991916880244388,1,0,359
H00406,0.9441481232643129,1,0,315
A01912,0.99923574924469,1,0,210
H00838,0.9869006741791964,1,1,600
H00088,0.9996853593038396,1,0,175
H00695,0.979620549827814,1,0,249
A01757,0.9896948337554932,1,0,316
A01096,0.9952802937477828,0,0,109
A01825,0.999748119880678,0,0,481
H00036,0.9992778879241088,1,0,239
A01094,0.9872316913679242,0,0,197
A01653,0.987888066098094,0,0,147
A01423,0.9784474465996028,0,0,113
H00039,0.9994216222548856,1,0,347
A01332,0.99911230802536,1,0,485
H00656,0.9995399112231098,1,0,240
A01301,0.9834035225212574,0,0,284
A01391,0.9992575633223169,0,1,514
H00067,0.9996167398057878,1,0,367
H00412,0.9996610848756972,1,0,354
H00891,0.937092661857605,1,0,283
A01033,0.9164538681507112,0,0,253
H00193,0.9896503696218132,1,1,1268
H00754,0.9996422707044984,1,1,790
H00450,0.9992446868564002,1,0,327
H00899,0.8332192301750183,1,0,254
A01450,0.8783023729920387,0,0,173
H00471,0.9994067584630102,1,1,616
A01974,0.9499152451753616,0,0,123
H00204,0.811385914683342,1,0,276
A01478,0.964591469615698,0,0,393
A01940,0.999241590499878,1,0,238
H00735,0.9970649143215268,1,0,196
H00692,0.9933794471435248,1,0,257
H00424,0.9810426104813814,1,0,335
A01062,0.9917688369750975,1,0,145
A01267,0.9899718761444092,1,0,472
H00287,0.9963751435279846,0,0,296
H00699,0.998429308179766,1,0,263
H00709,0.9997255233465694,1,0,183
A01490,0.9986236095428468,1,0,332
H00010,0.9994190883007832,1,0,203
A01628,0.9809607788920404,0,0,284
A01289,0.9733127951622008,1,0,485
H00961,0.9996660928009078,1,0,279
A01630,0.55647873878479,1,0,468
A01208,0.7372343242168427,0,0,419
H00367,0.9913059873506428,1,1,745
A01958,0.9996843549306504,0,0,466
H00567,0.9551974534988404,0,0,340
A01274,0.9956142902374268,1,0,137
H00962,0.9946502675302328,1,0,252
H00918,0.977196991443634,0,0,315
A01970,0.7233233153820038,0,0,343
A01821,0.9971469044685364,0,0,474
H00570,0.9932128190994264,0,0,425
H00634,0.9989191108616068,1,0,208
H00782,0.9995286270568612,1,0,234
H00153,0.9851304283365608,1,1,1169
H00432,0.9995956191269216,1,1,714
A01513,0.9978590607643129,1,0,390
A01307,0.967802882194519,0,0,271
A01626,0.997382825706154,0,0,143
H00676,0.9996445310534908,1,0,228
H00243,0.9488719701766968,0,0,316
A01877,0.9991405010223388,1,0,475
A01497,0.9896913170814514,1,0,329
A01575,0.997209131717682,1,0,380
H00719,0.9996351603185758,1,0,180
H00596,0.7865735739469528,1,0,347
H00245,0.9498862624168396,0,0,279
A01638,0.967729151248932,1,0,268
H00768,0.998591984040104,1,0,325
A01778,0.9992051720619202,1,0,172
A01414,0.9972730278968812,1,0,238
A01444,0.9762388356029988,0,0,174
A01327,0.7533085942268372,0,0,483
H00724,0.9638794027268888,1,0,224
H00177,0.983045481145382,1,0,322
H00230,0.6790539026260376,1,0,402
A01048,0.9583815336227416,1,0,475
A01465,0.9995785898645408,0,0,418
H00158,0.9436959624290466,0,1,714
H00169,0.870131179690361,1,0,248
A01398,0.9896949529647828,1,0,125
A01334,0.6864066123962402,0,0,490
H00901,0.9948286688886584,1,0,267
A01283,0.9992358684539796,1,0,487
A01806,0.9996760950889438,0,0,459
H00323,0.7704753130674362,1,1,568
H00509,0.9656105041503906,0,0,368
H00415,0.9898727349936962,1,0,362
H00609,0.971605671569705,1,0,364
H00515,0.8192202150821686,1,0,317
H00220,0.923688605427742,1,0,231
A01799,0.9995708524947986,0,0,481
A01164,0.99485445022583,1,0,439
A01456,0.998067319393158,1,0,278
A01169,0.9910430908203124,1,0,369
H00192,0.9746033363044262,1,1,1514
A01078,0.998637738986872,0,0,463
H00881,0.9739762395620346,1,0,251
A01320,0.9960949467495084,0,0,379
A01858,0.9974494576454164,1,0,473
A01555,0.9991359114646912,1,0,367
A01485,0.9794684052467346,1,1,522
H00579,0.9365468919277192,1,0,396
A01518,0.9717329312115908,0,0,431
H00236,0.8193962872028351,1,0,243
A01290,0.9974294304847716,1,0,330
A01441,0.6752996742725372,0,0,146
H00761,0.9335742369294168,1,0,226
A01999,0.9997152619762346,0,0,479
A01670,0.9955136072821916,0,0,402
H00844,0.967910885810852,0,0,41
H00707,0.9996412071341184,1,0,311
A01461,0.9991959929466248,1,0,326
A01038,0.7510912716388702,0,0,344
H00682,0.9988950208062306,1,0,243
H00371,0.9897223748266696,1,0,269
A01816,0.9992742142057978,0,0,486
A01028,0.9991493225097656,1,0,417
A01768,0.9992249011993408,1,0,303
A01543,0.9992332458496094,1,0,422
A01759,0.7577565461397171,0,0,94
H00281,0.9829133469611406,1,0,461
A01411,0.9995461563230492,0,0,57
H00772,0.996516903396696,1,0,456
A01544,0.5848055481910706,1,0,399
A01790,0.7999151945114136,0,0,442
A01540,0.9991305470466614,1,0,418
H00126,0.999196556629613,1,0,332
H00581,0.9848290085792542,0,0,334
H00685,0.9969341750256716,1,0,175
H00528,0.8733323067426682,1,0,316
A01269,0.993301510810852,1,0,76
H00743,0.998490099911578,1,0,177
A01248,0.9930623741820456,0,0,162
A01022,0.9533589482307434,1,1,526
H00842,0.9901448264718056,1,0,61
A01141,0.997117519378662,1,0,218
H00977,0.7523765414953232,1,0,289
A01770,0.999231219291687,1,0,347
H00019,0.9996493581857068,1,0,328
H00862,0.9992161374539136,1,1,1189
A01422,0.9727267622947692,1,0,86
H00381,0.9996682526834776,1,0,341
A01704,0.9689621925354004,1,0,158
A01484,0.8476935774087906,0,0,423
A01769,0.9992358684539796,1,0,380
H00895,0.9997003876487724,1,0,241
A01386,0.5537050366401672,0,0,155
A01862,0.9997419158753472,0,0,438
H00799,0.9987291868310422,1,1,949
A01763,0.9803469367325306,0,0,66
A01111,0.9815712571144104,1,0,288
A01139,0.6445413529872894,0,0,300
A01977,0.999723474815255,0,0,149
H00557,0.7374193966388702,1,0,422
H00877,0.952103853225708,0,0,273
A01936,0.9746083617210388,1,0,68
H00691,0.9960035481490196,1,0,278
H00384,0.9661023914813996,1,0,311
H00146,0.995029733516276,1,0,236
A01315,0.9531810097396374,0,0,328
A01395,0.9589129909873008,0,0,79
H00974,0.9997534796129912,1,0,209
H00883,0.9996558831480796,1,0,229
H00586,0.9983755350112916,0,0,452
A01126,0.9949495298787951,0,1,581
A01934,0.999743947177194,0,0,395
A01728,0.8154112696647644,0,0,364
H00546,0.9500350020825864,1,0,478
H00054,0.9996229315293022,1,0,256
H00740,0.9997187513508834,1,0,267
A01552,0.9987849593162536,1,0,298
H00931,0.9926123940385878,1,0,229
A01892,0.999214768409729,1,0,189
H00097,0.9996848369482904,1,0,215
A01879,0.99972874118248,0,0,486
A01953,0.9564913511276244,1,0,126
H00954,0.9737430214881896,0,0,233
A01587,0.9941755533218384,1,0,414
A01991,0.9997275423957036,0,0,123
A01145,0.9906270503997804,1,0,262
A01724,0.9992002844810486,1,0,127
A01272,0.991179883480072,1,0,113
A01153,0.9995278661663178,0,1,516
H00334,0.966693103313446,0,0,220
A01358,0.9023250192403792,0,0,154
A01978,0.8747575283050537,1,0,165
H00916,0.996334019349888,1,0,347
A01072,0.9799740314483644,1,1,525
A01431,0.9957389831542968,1,0,330
H00704,0.92782311886549,1,0,176
H00209,0.9486346542835236,1,0,241
H00486,0.8236320614814758,0,0,286
A01771,0.9992254972457886,1,0,147
A01454,0.9963008165359496,1,0,309
H00431,0.9997214914765208,1,0,261
H00820,0.9993311937432736,1,0,332
H00086,0.9942494346760212,1,0,437
H00783,0.9996436125366016,1,1,745
H00026,0.9887246862053872,1,0,230
H00436,0.9748024735599756,1,0,281
A01323,0.9857290843501688,0,0,477
A01448,0.9370946809649467,0,0,125
A01703,0.9551777839660645,0,0,381
A01168,0.9984557628631592,1,0,354
A01690,0.9997470981325024,0,0,453
A01263,0.9842509031295776,1,0,162
A01834,0.9997304484131746,0,0,495
H00641,0.999747663649032,1,0,202
H00087,0.9996236824372318,1,0,235
A01838,0.9996871739567724,0,0,466
A01098,0.9519665241241456,1,0,126
A01023,0.9990955591201782,1,0,245
A01694,0.9997411420335992,0,0,442
H00715,0.9932063561864196,1,0,217
H00263,0.9993861669208854,1,1,646
H00853,0.999667057854822,1,1,991
A01013,0.9922475814819336,1,0,389
A01679,0.9813458155840636,0,0,340
H00805,0.9997497900913004,1,1,963
A01656,0.9996220156026538,0,0,311
A01528,0.9989113807678224,1,0,327
H00633,0.999358081491664,1,0,165
A01681,0.9995928514981642,0,0,455
A01025,0.9991858601570128,1,1,531
H00769,0.9989033149322496,1,1,1247
A01349,0.998991148546338,0,0,489
A01827,0.9578319787979126,1,0,124
A01495,0.7649673521518707,0,0,249
H00590,0.9900251543149352,1,1,570
A01173,0.9992343187332152,1,0,341
A01794,0.99964949322748,0,0,472
A01416,0.9992215633392334,1,0,268
A01601,0.9702109694480896,1,0,296
A01460,0.9992246627807616,1,0,261
H00489,0.99209223408252,1,1,903
H00841,0.8228817731142044,1,0,314
H00317,0.8484039902687073,1,0,270
H00531,0.997276484966278,0,0,418
A01885,0.8694482147693634,0,0,62
A01920,0.7318286895751953,1,0,177
H00382,0.951934054493904,1,1,525
H00730,0.96431253105402,1,0,181
A01060,0.9968546628952026,1,0,222
A01814,0.9937120676040648,1,0,484
A01255,0.9854640383273364,0,0,339
A01006,0.9780368655920028,0,0,180
H00603,0.9665616750717164,0,0,344
A01774,0.999236822128296,1,0,183
H00125,0.9984968152130024,1,1,1122
A01204,0.9997320099791978,0,1,542
A01537,0.7471555471420288,1,0,367
H00991,0.986623926088214,1,0,212
A01077,0.9989153146743774,1,1,521
A01404,0.8820564150810242,1,0,206
H00219,0.9882199764251708,0,0,274
A01967,0.9760770332068204,0,0,278
A01034,0.7252187430858612,0,0,319
A01918,0.999729603092419,0,0,297
A01952,0.9400800466537476,1,0,128
H00630,0.9996935644303448,1,0,161
A01641,0.9895265102386476,1,0,460
A01117,0.9992343187332152,1,0,227
H00221,0.9872726975008844,1,1,653
H00661,0.9996274869772606,1,0,306
A01964,0.999237298965454,1,0,246
H00915,0.9994051516405308,1,0,403
H00746,0.9997127512760926,1,0,308
A01256,0.987815797328949,1,0,232
A01407,0.7587800472974777,0,0,161
H00135,0.9499614238739014,0,0,278
H00593,0.9337158799171448,0,0,278
H00998,0.8364540487527847,1,0,236
A01891,0.9997077410516796,0,0,239
H00789,0.9997215610346756,1,0,510
A01844,0.7657230049371719,0,0,485
A01374,0.9630034230649472,0,0,261
H00599,0.9552892446517944,0,0,418
A01979,0.9005788639187813,0,0,321
A01250,0.9987411621259524,0,0,342
H00201,0.8112896382808685,1,1,959
H00328,0.9809318762272596,1,1,623
A01798,0.9995288912032264,0,0,490
H00012,0.9996999591530766,1,0,214
H00665,0.9997501870093402,1,0,307
H00249,0.999683621310396,1,0,276
A01079,0.9988697171211244,1,0,505
A01051,0.9394246339797974,1,0,363
H00765,0.9997182806255296,1,0,322
H00210,0.6963491141796112,1,0,432
A01615,0.994628608226776,1,0,402
A01739,0.7534213662147522,0,0,165
A01466,0.9990247238310984,0,0,486
A01631,0.7383988499641418,0,0,445
H00282,0.9965084493160248,1,1,516
A01832,0.8893466740846634,0,0,487
H00512,0.927953526377678,1,0,397
H00172,0.9979449620004744,1,0,230
H00385,0.999475018994417,1,0,299
A01415,0.9771857596933842,0,0,55
A01220,0.9988526105880736,1,0,412
A01246,0.9991948008537292,1,0,213
A01726,0.9987574815750122,1,0,301
A01257,0.9991695880889891,1,0,298
H00390,0.948695421218872,0,0,305
H00188,0.9958189129829408,0,0,222
A01997,0.9991971850395204,1,0,298
A01275,0.9995939410873688,0,0,485
A01252,0.9997130020346958,0,1,533
H00583,0.9895667433738708,0,0,410
A01452,0.9992052912712096,1,0,315
A01756,0.9943822622299194,1,0,420
H00671,0.99968095580698,1,0,155
A01529,0.9327577725052834,0,0,429
H00714,0.9996810166630894,1,0,206
H00056,0.9994562606443652,1,0,253
H00057,0.9996528116171248,1,0,161
A01131,0.8637104332447052,0,0,233
A01284,0.9702633451670408,0,0,103
H00543,0.9011113047599792,1,0,395
H00242,0.9984173573320732,1,1,1951
H00215,0.9941141842864454,1,1,1017
A01376,0.9939175844192504,1,1,514
H00953,0.9997218475909904,1,0,316
A01014,0.9992064833641052,1,0,220
A01931,0.9938894510269164,1,0,251
A01684,0.9954061508178712,1,0,367
A01074,0.9991570711135864,1,0,452
H00788,0.9690321981906892,1,0,56
A01017,0.9992119073867798,1,0,221
H00383,0.995613123755902,1,0,344
A01230,0.6712737679481506,0,0,305
A01471,0.9986522793769836,1,1,517
H00847,0.963811881840229,1,1,1209
H00745,0.9671498201787472,1,0,213
A01573,0.6904701888561249,0,0,389
H00858,0.9642778150737286,1,0,210
A01457,0.9899105131626128,0,0,327
H00973,0.9931370732374488,1,0,202
H00775,0.9993196236900984,1,1,1177
H00618,0.9291959255933762,1,0,377
A01908,0.9991405010223388,1,0,225
H00815,0.9997466342756524,1,1,565
A01535,0.9992268085479736,1,0,315
H00329,0.7119278609752655,1,0,294
H00191,0.999477079079952,1,0,220
A01273,0.9996101120777894,0,0,306
A01556,0.9985939860343932,1,0,390
H00874,0.9996059391414748,1,1,968
A01112,0.981031121686101,0,1,516
H00658,0.7138773500919342,1,0,186
A01183,0.9368152022361756,1,0,107
A01672,0.994755101390183,0,0,469
A01417,0.9067961573600768,1,0,99
A01566,0.915727436542511,1,0,245
A01547,0.9990891218185424,1,0,313
H00913,0.9968588352203368,0,0,310
A01504,0.9995776331052184,0,0,324
H00500,0.982993395999074,1,0,393
H00045,0.999679573753383,1,0,430
A01882,0.9943055189214648,0,0,111
H00882,0.9986517945071682,1,0,305
H00597,0.991422474384308,1,0,476
A01216,0.9290249943733216,0,0,149
H00929,0.9987173561239616,1,0,248
A01828,0.9997206658008508,0,0,350
A01434,0.9984906911849976,1,0,403
H00684,0.9996921031561214,1,0,214
A01193,0.9983456134796144,1,0,183
H00655,0.9989560089306906,1,0,156
H00255,0.9245628491044044,1,0,338
H00319,0.8339417576789856,1,0,271
A01237,0.999711259821197,0,0,114
H00781,0.9987669825786724,1,1,527
H00178,0.9418716467916964,1,0,247
A01617,0.9908720338717104,0,0,215
H00064,0.9996926846797578,1,0,435
H00568,0.9205397441983224,1,0,383
H00756,0.996705365832895,1,0,341
A01099,0.9691928029060364,1,1,520
H00902,0.6920832991600037,1,0,207
A01316,0.9874508380889891,1,0,479
H00986,0.9898649305105208,1,0,247
A01104,0.9650620669126512,0,1,520
A01037,0.8985795974731445,1,0,363
H00755,0.9975734844338148,1,0,454
A01009,0.7261019945144653,1,0,144
H00183,0.9763135612010956,1,0,407
A01365,0.9853898286819458,1,0,93
A01021,0.998130977153778,1,0,206
H00033,0.99959696107544,1,0,283
A01180,0.9859071969985962,1,0,465
A01253,0.9983568787574768,1,0,262
A01390,0.9769979529082776,0,0,105
A01065,0.9953479170799256,1,0,232
H00074,0.9994075360009448,1,0,221
H00187,0.9362331628799438,0,0,235
H00645,0.9997071754187346,1,0,167
A01830,0.9861236810684204,1,0,482
H00522,0.9809780120849608,0,0,412
A01714,0.9625018835067748,1,0,164
H00556,0.9822969008237123,1,0,347
H00206,0.991162933409214,1,0,249
A01424,0.9847853183746338,1,0,277
H00766,0.9940997250378132,1,1,1207
H00814,0.9963843610603362,1,1,517
A01597,0.9991350769996644,1,0,359
H00013,0.9995581251569092,1,0,226
H00407,0.9987187408842146,1,0,504
H00652,0.969029078260064,1,0,258
H00090,0.9995116883073932,1,0,327
A01472,0.9968215227127076,1,0,460
H00211,0.9473670125007628,0,0,263
H00666,0.8722769021987915,1,0,186
A01107,0.9826384782791138,1,0,340
H00228,0.9920411873608828,1,1,1149
H00971,0.9928029486909508,1,0,212
H00504,0.9488614834845066,1,0,347
H00668,0.9995403644570616,1,0,311
A01802,0.9866188699379564,0,0,499
A01142,0.9828165601938964,0,0,354
H00864,0.9919668203219772,1,1,1096
H00928,0.9982519339537248,1,0,240
H00449,0.9827877394855022,1,0,394
A01782,0.9960935711860656,1,0,409
A01809,0.9958816766738892,1,0,472
H00926,0.8700313121080399,1,0,302
H00680,0.9970687800087036,1,0,194
H00009,0.9996679460455198,1,0,341
A01480,0.7513099312782288,1,0,334
H00076,0.9997113137505949,1,0,243
A01088,0.9968055933713912,0,0,255
A01813,0.9377216100692748,1,0,478
H00445,0.9869811153039336,1,1,2767
H00391,0.9960714634507896,1,0,367
H00318,0.999331686005462,1,0,378
A01702,0.997574508190155,1,0,412
H00299,0.9699099007993937,1,1,556
H00094,0.9996370883309282,1,0,213
A01157,0.9844402074813844,1,0,510
A01340,0.9994189669960178,0,0,489
H00120,0.9938349886797369,1,0,330
H00046,0.9955939655192196,1,0,284
H00429,0.9845529114827514,1,0,231
H00474,0.9965166489128024,1,0,326
A01651,0.7303382754325867,0,0,164
H00816,0.985232044942677,1,0,152
A01938,0.9280108213424684,1,0,105
A01545,0.837152972817421,0,0,315
H00297,0.8635913878679276,1,0,383
A01222,0.8730629682540894,1,0,435
A01041,0.8759969770908356,0,0,398
H00100,0.9992531324387528,1,0,398
A01264,0.9996993922104592,0,0,464
H00615,0.9642456918954848,1,0,345
A01244,0.9987360835075378,1,0,98
H00589,0.9944936772808431,1,0,374
H00798,0.9956249641254544,1,0,473
A01027,0.9988351464271544,1,0,447
A01076,0.9984582662582396,1,0,420
H00200,0.6838622987270355,1,0,368
H00238,0.9776956662535669,1,1,1236
H00294,0.6809782683849335,1,0,237
H00484,0.9935602713376284,1,0,288
H00779,0.9997458743746392,1,0,317
H00044,0.9947337550111116,1,0,322
A01218,0.9951303005218506,1,0,162
A01380,0.9841452240943908,1,0,238
A01359,0.7176539301872253,1,0,301
A01188,0.99922513961792,1,0,152
H00516,0.713175505399704,1,0,378
H00084,0.9996243888745084,1,0,210
H00441,0.9673493020236492,1,0,345
H00988,0.9947840725071728,1,0,252
H00314,0.9968659658916296,1,1,762
H00011,0.9996656286821236,1,0,356
H00725,0.9482949003577232,1,0,200
A01147,0.8829085379838943,0,0,413
H00996,0.9847736014053226,1,0,292
A01657,0.9777587112039328,0,0,208
H00060,0.9993714005104266,1,0,277
H00310,0.9138759821653366,1,1,616
A01297,0.996741330018267,0,0,491
H00143,0.9878904819488524,0,1,1118
H00246,0.9732195138931274,0,0,290
A01105,0.7250102758407593,1,1,519
H00203,0.9945991076529026,1,0,298
H00610,0.8937255144119263,0,0,480
H00377,0.976605735719204,1,0,312
H00223,0.9968969756737353,1,1,1194
A01946,0.9765692949295044,1,0,119
A01350,0.9956812858581544,1,0,492
H00107,0.9446687400341034,1,0,231
A01321,0.9968389652203768,0,0,486
A01855,0.9996870319882872,0,0,473
A01511,0.8715774416923523,1,0,406
A01550,0.9992287158966064,1,0,427
A01801,0.9992704389151186,0,0,485
A01343,0.998324692249298,1,0,490
H00414,0.999616148212226,1,0,371
H00165,0.9825173020362854,0,0,330
H00710,0.9994584252708592,1,0,262
H00133,0.9910801257938148,1,1,781
H00533,0.7456512451171875,1,0,364
A01236,0.999638766195858,0,0,103
A01700,0.9997280544484966,0,0,361
A01171,0.8920166492462158,0,0,140
A01368,0.9992196559906006,1,0,375
A01762,0.988109052181244,1,0,86
H00053,0.9966914446558804,1,0,299
H00906,0.927276849746704,0,0,236
A01122,0.948759075254202,0,0,373
A01092,0.9639263860881327,0,0,143
A01506,0.9992306232452391,1,0,319
A01784,0.9987732821609824,0,0,421
A01710,0.9622499495744704,0,0,199
A01788,0.9232675954699516,0,0,435
A01866,0.9997383765003178,0,0,479
H00472,0.9995029876590706,1,1,608
H00171,0.9504954554140568,1,0,207
H00296,0.9894662676379083,1,0,430
A01378,0.978594183921814,1,0,234
H00070,0.9996932165813632,1,0,302
H00784,0.9997437596321106,1,0,145
H00175,0.9972728653810918,1,1,538
H00595,0.9991694688796996,0,0,369
A01927,0.9997349282202777,0,0,384
H00511,0.9408350996673108,1,0,332
H00751,0.8013202846050262,1,0,213
H00490,0.9994573163567112,1,0,481
A01305,0.9970815731212496,0,0,484
A01462,0.9962497353553772,1,0,460
H00058,0.9784816205501556,1,0,230
A01687,0.9917685482650996,0,0,176
A01605,0.9905915856361388,1,0,408
A01869,0.6682365834712982,0,0,487
H00198,0.7495543956756592,1,0,284
H00229,0.9887144481763244,1,1,1762
H00139,0.7049556374549866,1,0,309
H00077,0.9996670848631766,1,0,151
H00254,0.7335485517978668,1,0,443
A01214,0.8356306105852127,0,0,266
A01403,0.9501325488090516,1,0,286
A01468,0.9868391156196594,1,0,450
H00388,0.9978112268727272,1,0,251
H00624,0.9951769113540648,0,0,315
A01930,0.9346840381622314,1,0,402
H00950,0.9877021908760072,0,0,220
H00696,0.99963991632103,1,1,544
H00278,0.7201313972473145,1,0,305
A01754,0.9971988599281758,0,0,445
A01254,0.9992424249649048,1,0,438
A01751,0.9756278395652772,1,0,302
H00300,0.6800685524940491,1,0,259
A01382,0.8368939906358719,0,0,223
H00202,0.9994096764712594,1,1,1177
A01474,0.9877787725999952,0,0,402
H00035,0.9990463111316784,1,0,277
A01406,0.9780208468437196,1,0,194
A01151,0.994624465238303,0,0,165
A01616,0.9797195345163344,0,0,427
A01044,0.9735312461853028,1,0,321
A01722,0.9992382526397704,1,0,321
H00796,0.9990648284438066,1,1,818
H00690,0.9997150112758392,1,0,176
H00127,0.9931816458702089,0,0,220
H00267,0.99740603659302,1,0,410
H00980,0.9635583758354188,0,0,234
A01731,0.996666133403778,1,0,305
A01696,0.999664845119696,0,0,446
A01308,0.8795701861381531,1,0,289
A01956,0.9992375373840332,1,0,130
A01155,0.7181245684623718,0,1,526
H00791,0.9989472950110212,1,1,1360
H00291,0.9493431113660336,1,0,265
A01610,0.9963487386703492,1,0,403
H00896,0.6470130681991577,1,0,293
H00260,0.9777623321861028,1,0,211
A01837,0.9987351553281768,0,0,458
A01234,0.9992332458496094,1,0,147
H00963,0.9623684883117676,0,0,298
H00564,0.9975780844688416,0,0,440
A01186,0.9630192667245864,0,0,44
H00946,0.9995705807814376,1,0,328
H00824,0.9990352041786535,1,1,824
A01580,0.996830403804779,1,0,335
H00132,0.973538339138031,0,0,220
A01683,0.9915894716978072,0,0,506
A01500,0.9877289533615112,1,0,216
H00438,0.9996309232083148,1,0,403
H00664,0.9996439244714566,1,0,198
H00952,0.987579888664186,1,0,257
H00117,0.9996326859400142,1,0,201
A01080,0.992534637451172,1,1,526
H00354,0.8417642265558243,1,1,608
H00225,0.994550185278058,1,1,2518
H00831,0.9769319407641888,1,0,56
A01673,0.9975517501588912,0,0,215
H00813,0.9973173306789248,1,1,692
H00857,0.9691919889301062,1,0,39
A01108,0.999241828918457,1,0,159
A01692,0.985975855961442,0,0,432
H00507,0.7725621908903122,1,0,437
H00873,0.9997095712460576,1,0,205
A01699,0.9985285686561838,0,0,461
H00405,0.9994555392768234,1,0,335
A01489,0.984406590461731,1,0,406
H00116,0.9996575009135996,1,0,366
H00205,0.9249740242958068,0,0,279
A01750,0.964611828327179,1,0,294
A01032,0.9055674076080322,0,0,510
H00366,0.9918095730245112,1,0,508
A01498,0.9741413444280624,0,0,239
H00611,0.9716270826756954,1,0,364
A01736,0.9992271661758424,1,0,236
H00434,0.9994624459650367,1,0,360
A01914,0.9077434539794922,1,0,224
A01286,0.999728828057414,0,0,462
H00759,0.9936828459613024,1,0,86
H00771,0.8450764715671539,1,0,424
H00166,0.9996982802113052,1,1,770
A01924,0.9997413468081504,0,0,472
H00410,0.8739450126886368,1,0,306
A01822,0.9797364436089993,0,0,483
H00293,0.9733229652047156,1,0,355
A01353,0.9939447711221874,0,0,110
A01005,0.987895369529724,1,0,153
H00071,0.9981220967601984,1,0,327
H00365,0.7158189713954926,1,1,655
A01059,0.9993899106048048,0,0,175
A01309,0.7653560489416122,0,0,360
A01990,0.9996235825237818,0,0,201
A01007,0.9670512974262238,0,0,184
H00849,0.999531999696046,1,1,657
H00712,0.999425172165502,1,0,185
H00541,0.9587289690971376,0,0,334
A01933,0.9997287797450554,0,0,271
H00042,0.9996128123893868,1,0,245
A01408,0.9913842044770718,0,0,61
A01785,0.9109848663210868,0,0,414
H00043,0.9997005444311072,1,0,161
A01521,0.9830798842012882,0,0,408
H00551,0.9980487823486328,0,0,349
H00992,0.9996026893204544,1,0,366
H00179,0.8165351748466492,0,0,453
H00298,0.9142280369997025,1,0,263
H00808,0.9944417290389538,1,0,380
H00017,0.9796256814152002,1,0,296
A01805,0.999717138678534,0,0,176
A01397,0.8619755506515503,1,0,301
A01336,0.999196231365204,1,0,489
A01123,0.9996082365396431,0,0,423
H00550,0.9965988993644714,0,0,368
H00181,0.9989053247263656,1,0,255
A01159,0.7368350028991699,0,0,66
H00350,0.9702516198158264,0,0,283
H00232,0.9690882563591005,0,0,309
H00093,0.999033715808764,1,0,211
H00625,0.9990426572039725,1,0,218
H00601,0.6851040422916412,1,0,476
H00670,0.9993788963765836,1,0,258
H00878,0.9997363047441468,1,0,246
A01823,0.9997430650983006,0,0,202
H00703,0.999715238373028,1,0,194
A01464,0.9961131811141968,1,0,460
H00631,0.9979794810060412,1,0,332
H00195,0.9812352061271667,0,1,541
H00764,0.9991574892774224,1,1,635
H00510,0.9627569541335106,1,0,410
H00621,0.8734639585018158,1,0,391
A01753,0.99705171585083,1,0,304
H00270,0.9996978224953637,1,0,344
H00430,0.9876635055989028,1,0,281
A01069,0.9991414546966552,1,0,439
A01592,0.6358068585395813,0,0,432
A01962,0.9984546899795532,1,0,308
H00333,0.9910357398912312,1,1,907
H00361,0.9761191606521606,0,0,196
H00261,0.6231269836425781,1,1,578
H00337,0.9843589775264264,1,1,554
H00790,0.999265723163262,1,0,53
A01674,0.9894992122426628,0,0,449
H00321,0.9985870737582444,1,0,420
H00744,0.9996139764843974,1,0,293
H00650,0.999718486564234,1,0,173
H00794,0.9995001641800628,1,0,472
H00855,0.96489280462265,0,0,268
H00420,0.975333521142602,1,0,267
H00475,0.6962786912918091,1,0,381
H00416,0.9997499884921126,1,1,642
A01522,0.9357567429542542,1,1,531
H00576,0.9292277097702026,1,0,380
H00880,0.9996944128361064,1,0,294
H00803,0.9994002517778426,1,0,255
H00865,0.999730039970018,1,1,550
A01086,0.999201476573944,1,0,508
H00513,0.9030656218528748,0,0,313
H00037,0.9922818164341152,1,0,182
A01643,0.9702572505921124,0,0,161
H00604,0.6712468862533569,1,1,648
H00258,0.9844965059310198,1,0,338
H00403,0.9980019982904196,1,0,257
H00358,0.995744879823178,1,1,2061
H00257,0.9778690822422504,1,0,447
A01068,0.9975405931472778,1,1,531
A01325,0.7307555079460144,0,0,471
A01101,0.997510552406311,1,0,269
H00956,0.9995752196991816,1,0,315
A01625,0.7130042314529419,0,0,112
H00936,0.9994436799897812,1,0,356
H00526,0.8745819926261902,1,0,356
H00130,0.9859592188149692,1,1,1417
A01473,0.9991698864614592,0,0,454
A01603,0.9988419413566588,1,0,380
A01639,0.9832435231655836,0,0,285
A01433,0.9983034133911132,1,0,256
H00495,0.9513589665293694,1,0,350
A01568,0.8588789701461792,1,0,192
A01054,0.9984604120254515,1,0,277
A01585,0.9801315665245056,1,0,269
H00250,0.9550616145133972,0,0,489
A01698,0.9992326498031616,1,0,437
H00940,0.9848809279501438,1,0,241
A01983,0.9992367029190063,1,0,261
H00144,0.9736295193433762,1,1,562
A01226,0.9923294186592102,1,0,337
A01996,0.9992042183876038,1,0,419
H00657,0.9985581882065162,1,0,224
H00651,0.9650726579129696,1,0,165
A01695,0.9987394213676452,1,0,409
H00648,0.9974158925469964,1,0,213
A01666,0.5236310362815857,1,0,241
H00773,0.9996196146530564,1,0,364
H00572,0.6644216179847717,1,1,536
A01053,0.9857467412948608,1,0,322
H00905,0.9996365766273811,1,0,336
A01304,0.9995345959905536,0,0,298
A01859,0.9997202689410188,0,0,162
H00937,0.9934517797082664,1,0,233
H00479,0.9961925477255136,1,0,297
A01553,0.9953215718269348,1,0,392
H00494,0.9320117384195328,1,0,292
H00103,0.999708216288127,1,0,249
A01211,0.9954286343418062,0,0,115
H00640,0.9818848073482512,1,0,177
A01868,0.9997451236413326,0,0,482
A01445,0.8111317008733749,0,0,170
H00370,0.9887801706790924,1,1,643
A01381,0.9335026741027832,1,0,268
A01949,0.9992406368255616,1,0,233
A01341,0.9163457527756692,0,0,481
H00283,0.9986184006556869,1,1,591
H00909,0.9869301626458764,1,0,434
H00760,0.9971713318955152,1,1,851
H00483,0.9919890593737364,1,0,460
A01085,0.6234535276889801,0,1,522
H00870,0.9997484102786984,1,1,549
A01202,0.9964831732213496,0,1,521
H00532,0.9702620655298232,1,0,377
H00636,0.9997221632802392,1,0,216
A01955,0.9885657429695128,1,0,95
H00275,0.8927624523639679,1,0,356
A01394,0.9159363061189651,0,0,68
H00467,0.9940211409702896,1,0,285
A01161,0.9949199776165188,0,0,293
A01215,0.838332936167717,0,0,123
A01187,0.9991961121559144,1,0,354
H00965,0.9995777194271795,1,1,521
H00030,0.9994787548785098,1,0,282
A01066,0.9982024431228638,1,1,516
H00493,0.9954263661056756,1,0,407
H00343,0.8960082978010178,1,0,399
H00774,0.9312731027603148,1,0,49
A01481,0.7022731304168701,0,0,400
A01669,0.9599900282919408,0,0,423
H00159,0.9987167763756588,1,1,653
A01389,0.9392004609107972,1,0,110
A01031,0.9981449842453004,1,0,359
H00964,0.9996459481480996,1,0,212
A01649,0.9985583600355312,0,0,123
H00398,0.9783151969313622,1,0,329
H00559,0.9985283795977012,1,0,447
H00464,0.998259495361708,1,0,348
H00164,0.996480451663956,1,1,1110
H00105,0.999741799692856,1,0,242
A01944,0.9276660084724426,1,0,49
H00747,0.9997540977201425,1,0,315
H00109,0.984800142236054,1,0,235
H00521,0.942722737789154,1,0,305
A01335,0.9991890788078308,1,0,490
H00104,0.9969460344873368,1,0,223
H00552,0.9612486362457277,0,0,313
A01645,0.986882402561605,0,0,205
A01713,0.7221243381500244,0,0,146
H00598,0.9937196969985962,0,0,500
A01935,0.999198853969574,1,0,107
H00921,0.99923670332646,1,0,242
H00000,0.999629452562658,1,0,157
H00038,0.9996700618648902,1,0,212
H00654,0.99753812327981,1,0,198
H00004,0.9995390020485502,1,0,214
A01354,0.9971784353256226,1,0,185
H00288,0.9994869476067834,1,1,624
A01144,0.9983660578727722,1,0,370
H00792,0.9995002218638548,1,1,611
H00138,0.9987614067504182,1,1,906
A01184,0.998362362384796,1,0,161
A01972,0.9996002301049884,0,0,419
A01268,0.955285593867302,0,0,113
H00588,0.9262959361076356,0,0,371
A01890,0.9761711824685336,0,0,96
H00269,0.9242241606116296,1,1,1021
A01717,0.9970871806144714,1,0,340
A01036,0.9339478015899658,1,0,276
H00793,0.999673952377634,1,1,728
A01314,0.823537141084671,0,0,159
H00465,0.9945264337584376,1,0,429
H00863,0.9975297842174768,1,0,289
A01668,0.9355371072888374,0,0,318
H00908,0.9989773847628384,1,0,252
A01963,0.9997494331910276,0,0,426
A01312,0.9866080284118652,1,0,117
A01100,0.9278764128684998,1,0,244
A01650,0.9990643601049668,0,0,77
A01430,0.9984500408172609,1,0,423
A01743,0.991078555583954,1,0,185
A01042,0.9740896094590424,0,0,275
A01346,0.784031555056572,0,0,490
H00131,0.9435245394706726,0,0,447
H00732,0.9995546950085554,1,0,185
H00812,0.9995230010244996,1,1,727
A01470,0.702256441116333,0,0,480
A01146,0.999569597421214,0,1,515
H00373,0.8529500663280487,1,0,376
H00903,0.9995159302197862,1,0,241
H00409,0.9904134199023248,1,0,349
A01932,0.9997505780193024,0,1,547
A01582,0.9971941709518432,1,0,366
A01148,0.9996934747323394,0,0,229
H00364,0.9705773815512656,1,0,485
A01197,0.9989975094795228,1,0,155
A01708,0.9097273945808412,1,0,179
H00939,0.9990999671863392,1,0,226
A01503,0.9991880404413678,0,0,327
A01045,0.9728965759277344,1,0,507
A01140,0.9986091256141664,1,0,257
A01654,0.9079178348183632,0,0,206
H00078,0.999630265054293,1,0,193
A01646,0.9997062490438112,0,0,270
A01192,0.9972246885299684,1,0,106
A01917,0.945320725440979,1,0,242
H00994,0.9991680676466784,1,0,190
H00659,0.9896775633096696,1,0,206
H00879,0.8382474035024643,1,0,208
A01194,0.9992313385009766,1,0,121
H00653,0.9989692312665284,1,0,286
H00031,0.9989645482273772,1,0,325
H00015,0.9994223499088548,1,0,338
H00837,0.9978925716131926,1,0,346
A01677,0.999753987271106,0,0,454
H00194,0.9992409166297876,1,1,660
H00303,0.8662872016429901,1,1,576
A01530,0.7982945591211319,0,0,260
A01894,0.9992337226867676,1,0,124
A01285,0.9951069355010986,1,0,486
H00833,0.9983670493820682,1,1,1271
H00561,0.985387086868286,0,0,340
H00161,0.9924345016479492,0,0,281
A01876,0.9997375623206608,0,0,483
H00185,0.999632275343174,1,0,276
A01329,0.9805058650672436,0,0,488
A01942,0.9882118105888368,1,0,71
A01195,0.9990211725234984,1,0,418
H00835,0.9994074699352496,1,1,1356
H00369,0.9942735880613328,1,0,268
H00092,0.9996059449913446,1,0,262
H00022,0.9996538599662016,1,0,299
H00408,0.9706860724836588,1,0,452
H00613,0.6945154964923859,1,0,315
A01306,0.8352699279785156,0,0,99
A01989,0.7320277094841003,1,0,280
A01775,0.9992239475250244,1,0,115
H00247,0.9774155020713806,0,0,219
H00266,0.986014480702579,1,0,309
A01783,0.987109262496233,0,0,433
A01115,0.7007296681404114,0,0,171
A01640,0.8672411441802979,0,0,447
H00062,0.999556891823886,1,0,356
H00821,0.980921296402812,1,1,1013
A01658,0.9997263589757496,0,0,100
A01659,0.8615770637989044,0,0,463
H00184,0.969584345817566,0,0,288
A01635,0.9979492428246886,0,0,169
H00027,0.9990715067833662,1,0,252
A01988,0.9358080327510834,0,0,254
H00395,0.9996141891751904,1,0,263
H00351,0.9771011471748352,0,0,390
A01018,0.9965529441833496,1,0,472
A01364,0.9986722469329834,1,0,142
A01835,0.8803713023662567,0,0,127
H00681,0.9996024343417956,1,0,198
A01712,0.9932696223258972,1,0,177
H00741,0.9989591314224526,1,0,414
H00957,0.9761571884155272,0,0,235
A01667,0.99975191874546,0,0,432
A01373,0.998725950717926,1,0,172
A01451,0.9896872183308004,0,0,298
H00091,0.998669040040113,1,0,242
H00825,0.999651758465916,1,1,622
H00124,0.9996713371074292,1,0,235
A01889,0.7705791145563126,0,0,140
H00068,0.9996645181090572,1,0,226
H00822,0.9947274015285076,1,0,90
H00678,0.9996359637298156,1,0,200
H00571,0.9851254550740124,1,1,629
A01109,0.9801551327109336,0,0,109
A01213,0.9834130834788084,0,0,153
A01819,0.9997267377912068,0,0,38
H00804,0.9995097384089604,1,0,91
H00151,0.9720948599278928,1,0,227
H00196,0.9981263603549452,1,1,607
H00051,0.997322981711477,1,0,203
A01300,0.9997131721756888,0,0,489
A01231,0.9759028367698191,0,0,284
H00642,0.999665210780222,1,0,191
H00667,0.9807844236493112,1,0,191
A01551,0.9894012808799744,1,0,359
A01177,0.9996261503838468,0,0,170
A01291,0.9992177786771208,0,0,343
H00911,0.999471436953172,1,0,241
A01903,0.9986302852630616,1,0,134
A01795,0.999743143474916,0,1,519
H00180,0.9971516688819976,1,0,264
H00426,0.9994295064825564,1,1,515
H00312,0.9207338020205498,1,0,420
H00920,0.9673193581402302,1,0,342
H00290,0.7763931900262833,1,1,606
A01209,0.9912807224318384,0,0,119
H00272,0.9909523399546742,1,1,778
A01419,0.9960936903953552,1,0,137
A01909,0.9425507187843324,1,0,255
H00346,0.9927855683490634,1,0,403
H00605,0.9872449915856124,1,0,385
H00443,0.9912621853873134,1,1,1199
H00252,0.7903611063957214,1,0,400
A01363,0.998881995677948,1,1,513
H00930,0.9875842165201902,1,0,249
A01097,0.9741422198712826,0,0,204
H00627,0.990070343017578,1,0,211
A01024,0.9897558093070984,1,1,527
A01833,0.9321068599820136,0,0,111
A01725,0.999220848083496,1,0,158
A01618,0.9448101557791232,0,0,207
H00885,0.9079476594924928,1,0,278
A01483,0.7410788536071777,1,0,390
A01984,0.9952864050865172,1,0,277
H00758,0.99485672544688,1,0,302
H00932,0.9968301812186836,1,0,273
A01479,0.5219669342041016,1,0,337
H00284,0.9761668033897876,1,0,488
H00976,0.998984613805078,1,0,361
H00397,0.9996676429873332,1,1,700
A01664,0.946242481470108,0,0,221
H00362,0.6480668485164642,1,0,375
A01632,0.6398653388023376,0,0,336
A01897,0.9992331266403198,1,0,134
A01392,0.9751142859458924,1,1,514
H00325,0.9532317034900188,1,0,293
H00055,0.998290679883212,1,0,231
A01562,0.9908496495336294,0,0,258
H00565,0.9472885727882384,0,0,393
A01569,0.8927414491772652,0,0,262
A01245,0.9190494418144226,1,0,108
A01742,0.984727150760591,0,0,105
A01848,0.978195460513234,0,0,483
A01326,0.8957088589668274,0,0,479
A01459,0.9991901516914368,1,0,340
H00573,0.6493664979934692,1,0,302
A01229,0.9904993176460266,1,0,251
A01900,0.999691892589908,0,0,198
A01563,0.987770538777113,0,0,266
H00673,0.9996565156907308,1,0,271
H00785,0.9721685461699964,1,0,159
A01235,0.999615218868712,0,0,224
H00846,0.9996516794490162,1,1,878
H00628,0.9780323505401612,0,0,207
A01166,0.998981684911996,0,0,443
A01502,0.9976686490699648,0,0,376
A01073,0.9984548091888428,1,0,442
A01554,0.9985925555229188,1,0,419
A01904,0.8891140595078468,0,0,179
H00173,0.9996842898835894,1,1,2710
A01426,0.990985870361328,1,0,128
A01228,0.9467555284500122,1,0,453
A01352,0.8431044220924377,1,0,130
A01886,0.7779193371534348,0,0,112
H00304,0.7806581258773804,1,1,944
A01217,0.9986660480499268,1,0,275
A01384,0.9911292791366576,1,0,190
H00866,0.9991351940552704,1,0,341
H00525,0.7547915279865265,1,1,548
H00400,0.9311611205339432,1,0,261
A01020,0.999229907989502,1,0,203
H00393,0.989164193160832,1,0,411
A01412,0.8908577561378479,1,0,78
H00421,0.7446865439414978,0,0,307
A01767,0.8672879338264465,0,0,142
A01780,0.9992330074310304,1,0,133
A01896,0.998939335346222,1,0,106
A01302,0.9986949565354736,0,0,492
A01584,0.9582583643496037,0,0,200
A01318,0.9980842777295038,0,0,485
H00307,0.7122524976730347,1,1,734
A01647,0.9798999428749084,1,0,312
H00834,0.9860995430499316,1,0,340
A01167,0.94594881311059,0,0,137
H00034,0.9895401671528816,1,0,273
A01137,0.9438623785972596,1,0,326
H00826,0.9995794915303122,1,1,640
H00340,0.6694718599319458,0,0,388
H00698,0.9997275959467516,1,0,173
H00182,0.7157232761383057,1,0,217
H00251,0.865893766283989,1,0,432
H00152,0.974634287878871,1,0,412
H00894,0.9924128302372992,1,0,295
H00099,0.979271775111556,1,0,315
A01165,0.9784084558486938,1,0,277
A01824,0.999721271044109,0,0,208
A01559,0.9970154762268066,1,0,407
H00836,0.999561560311122,1,0,101
A01328,0.9208917915821077,0,0,127
H00733,0.9997226066188888,1,0,327
A01693,0.9968563318252563,1,0,405
A01039,0.6799116134643555,0,0,296
A01901,0.99923574924469,1,0,113
A01435,0.9956499934196472,1,0,338
A01872,0.6643396317958832,0,0,498
H00612,0.6673234403133392,1,0,344
A01210,0.9531237483024596,1,0,90
A01590,0.9864099621772766,1,0,228
A01815,0.9997327198798304,0,0,102
A01745,0.8871854543685913,1,0,345
A01660,0.9977409977000208,0,0,414
H00910,0.9996197418950032,1,0,408
H00348,0.9948777025565504,1,1,761
H00273,0.9426600337028505,0,0,316
H00018,0.9993804360274224,1,0,289
A01379,0.7619137763977051,1,0,83
A01276,0.9920684732496738,0,0,321
H00856,0.9563591554760932,1,0,263
A01878,0.9821264520287514,0,0,303
H00049,0.99968886966235,1,0,302
A01764,0.9992467164993286,1,0,330
A01579,0.8580281138420105,0,0,383
H00585,0.9586318731307985,0,1,578
A01091,0.944712158292532,0,0,188
H00386,0.8991551101207733,1,0,411
H00306,0.9917448731139302,1,0,493
A01179,0.9991065859794616,1,0,294
H00113,0.9995947359420824,1,0,287
H00817,0.9804193992167712,1,0,62
H00823,0.9983571256743744,1,0,125
H00213,0.9969887137413024,0,0,268
H00336,0.9618820026516914,1,0,265
H00520,0.956407070159912,0,0,394
A01134,0.9936445951461792,1,0,170
A01752,0.9918105006217957,1,0,373
H00935,0.9199668318033218,1,0,328
A01793,0.9997244777332526,0,1,516
A01224,0.991358757019043,1,0,346
H00453,0.9928788207471372,1,0,367
A01427,0.999097228050232,1,0,167
A01747,0.9534081779420376,0,0,69
A01501,0.99950022919802,0,0,248
A01505,0.9993914617225528,0,0,328
H00786,0.999641442700522,1,1,693
H00591,0.9909777641296388,0,0,401
A01854,0.9997338641260284,0,0,240
H00587,0.9990610480308532,0,0,369
A01621,0.999319537426345,0,0,417
H00285,0.999380639696028,1,0,395
A01026,0.9899910688400269,1,0,408
A01911,0.9982739686965942,1,0,184
A01071,0.9987095594406128,1,0,476
H00736,0.999682566296542,1,0,187
H00332,0.9964921155478804,1,1,559
A01362,0.9099328815937042,0,0,106
H00861,0.9983371883863584,1,1,1165
H00674,0.994936041533947,1,0,268
A01116,0.9839570913463832,0,1,515
A01219,0.981625210493803,0,0,280
H00662,0.9994583323132248,1,0,248
H00061,0.9997327733435668,1,0,194
A01926,0.9936512112617492,1,0,255
A01258,0.9989595413208008,1,0,355
H00259,0.974009582772851,1,1,1016
H00840,0.9634391814470292,1,1,561
H00118,0.999638154404238,1,0,199
H00023,0.9996434788045008,1,0,200
H00990,0.9930579834617674,1,0,394
H00675,0.9997549650724976,1,0,359
A01922,0.9997521062323358,0,0,248
A01508,0.9971412420272828,1,0,430
H00368,0.9743494167923928,1,0,396
H00934,0.9997053472616244,1,0,249
H00907,0.7791635692119598,1,0,273
A01420,0.9992344379425048,1,0,111
H00244,0.9746263902634382,1,1,1450
A01278,0.6802943050861359,0,0,484
H00447,0.9959911098703742,1,0,496
H00363,0.7301510274410248,1,0,289
H00003,0.9995093629695476,1,0,224
H00720,0.7710593938827515,0,0,176
A01287,0.9979847932700068,0,0,487
H00811,0.8524260967969894,1,0,242
H00330,0.9153290390968324,0,0,265
H00459,0.9958559139631687,1,0,332
A01685,0.991104245185852,1,0,488
H00262,0.7133653163909912,1,0,312
H00379,0.9995035809115508,1,0,406
A01201,0.9994382053846492,0,0,319
